Batch_ID,Start_Temp,Target_Temp,Ambient_Temp,Airflow_Rate,Humidity_Level,Material_Load,Fan_Speed,Heater_Power_Level,Control_Strategy,Preheating_Time,Energy_Consumed,Temp_Fluctuation_Index,Steady_State_Achieved
B0001,25.62,69.82,27.17,6.03,35.05,52.96,1164,71,PID,8.66,4.74,1.26,1
B0002,34.26,57.05,22.92,5.53,35.7,54.24,1365,77,PID,14.1,4.6,1.81,1
B0003,30.98,65.43,25.86,6.58,43.82,43.57,1293,81,PID,13.51,5.18,1.11,1
B0004,28.98,61.06,21.12,6.6,38.59,41.59,1398,90,FA-PID-LSSVM,6.31,3.47,0.52,1
B0005,22.34,61.42,19.91,4.03,37.42,58.81,1006,70,Fixed-Time,13.85,8.5,1.69,1
B0006,22.34,65.76,19.93,6.33,49.36,45.21,1077,92,Fixed-Time,13.52,7.73,1.27,1
B0007,20.87,65.39,18.85,5.38,49.53,57.07,1433,82,FA-PID-LSSVM,6.78,3.35,0.9,1
B0008,32.99,69.87,20.23,6.97,54.74,57.27,1064,91,FA-PID-LSSVM,6.97,3.66,0.84,1
B0009,29.02,56.93,25.97,5.45,42.53,55.45,1101,90,PID,12.19,5.76,1.26,1
B0010,30.62,56.56,28.58,6.96,32.19,43.38,1450,86,FA-PID-LSSVM,8.52,3.71,1.06,1
B0011,20.31,65.87,27.77,6.26,38.21,56.44,1356,83,Fixed-Time,15.21,5.16,2.65,1
B0012,34.55,63.68,26.22,4.75,59.4,55.39,1299,83,FA-PID-LSSVM,7.14,4.23,0.7,1
B0013,32.49,59.11,19.33,5.62,47.89,51.93,1286,85,FA-PID-LSSVM,7.19,3.36,0.72,1
B0014,23.19,56.19,21.47,6.98,51.29,46.74,1170,86,PID,10.33,6.21,0.72,1
B0015,22.73,56.28,21.72,6.57,30.22,45.25,1076,75,PID,9.0,6.16,1.64,1
B0016,22.75,68.41,21.0,4.29,45.55,42.44,1047,95,PID,9.51,6.49,1.49,1
B0017,24.56,57.88,24.18,6.12,31.13,50.2,1254,97,PID,10.1,3.42,0.7,1
B0018,27.87,59.85,24.43,5.04,47.08,51.71,1081,76,Fixed-Time,12.68,7.76,2.38,1
B0019,26.48,58.4,22.28,4.02,57.62,47.19,1382,95,FA-PID-LSSVM,5.12,2.74,0.8,1
B0020,24.37,60.32,22.25,5.21,59.05,49.51,1208,95,FA-PID-LSSVM,7.29,3.74,0.74,1
B0021,29.18,56.04,27.94,4.7,46.22,47.27,1208,70,PID,14.3,5.08,1.13,1
B0022,22.09,62.79,27.47,6.46,43.75,52.82,1444,94,Fixed-Time,12.41,7.12,2.31,1
B0023,24.38,56.01,21.69,5.01,58.35,58.03,1458,84,Fixed-Time,15.49,7.23,2.02,1
B0024,25.5,67.01,28.97,6.48,50.21,43.28,1083,89,FA-PID-LSSVM,5.22,3.77,0.64,1
B0025,26.84,58.51,29.43,4.0,31.95,47.63,1009,90,PID,12.84,5.99,0.8,1
B0026,31.78,63.1,21.92,4.92,43.97,42.82,1028,87,FA-PID-LSSVM,5.92,2.98,0.94,1
B0027,23.0,68.2,22.25,4.72,37.21,52.5,1303,99,FA-PID-LSSVM,5.72,3.33,0.89,1
B0028,27.71,64.76,24.07,4.7,44.09,54.58,1481,97,Fixed-Time,13.87,7.26,1.47,1
B0029,28.89,62.99,29.29,4.2,43.66,58.64,1464,95,Fixed-Time,15.28,7.65,2.23,1
B0030,20.7,59.87,28.52,4.56,47.46,45.58,1445,82,FA-PID-LSSVM,5.77,3.12,0.74,1
B0031,29.11,60.0,19.23,5.67,40.7,59.0,1115,93,PID,10.5,4.22,1.06,1
B0032,22.56,65.04,22.71,4.87,34.93,41.27,1489,99,PID,11.08,4.29,1.55,1
B0033,20.98,69.91,24.64,5.25,45.11,52.06,1268,71,FA-PID-LSSVM,8.27,2.88,1.07,1
B0034,34.23,64.93,24.04,5.13,54.91,41.14,1427,88,FA-PID-LSSVM,6.86,3.71,0.7,1
B0035,34.48,63.37,20.33,6.63,49.92,57.88,1046,84,PID,11.88,5.55,0.96,1
B0036,32.13,65.96,28.31,6.72,40.15,50.6,1358,81,PID,8.75,4.15,1.26,1
B0037,24.57,61.98,26.12,5.48,58.07,53.39,1447,84,PID,11.36,5.74,1.16,1
B0038,21.47,55.9,28.05,4.99,57.37,56.63,1090,94,FA-PID-LSSVM,5.84,3.16,1.03,1
B0039,30.26,63.43,28.31,4.32,36.28,43.01,1052,87,Fixed-Time,13.03,7.14,1.46,1
B0040,26.6,69.36,26.98,6.86,31.18,40.77,1217,83,PID,11.0,4.24,0.93,1
B0041,21.83,57.63,23.27,4.18,52.24,57.58,1347,75,PID,8.04,4.27,1.34,1
B0042,27.43,65.35,25.33,4.89,54.83,46.3,1076,81,PID,10.12,5.42,1.74,1
B0043,20.52,58.01,19.92,4.89,59.04,42.58,1203,89,FA-PID-LSSVM,6.7,3.82,0.81,1
B0044,33.64,63.04,26.08,4.96,56.7,49.37,1043,92,Fixed-Time,19.53,3.98,1.64,1
B0045,23.88,56.45,20.15,4.49,48.02,51.97,1155,99,Fixed-Time,13.4,8.59,2.2,1
B0046,29.94,61.76,26.33,6.35,45.9,40.62,1001,99,PID,10.75,5.35,1.24,1
B0047,24.68,66.34,20.76,4.37,30.84,45.5,1356,75,FA-PID-LSSVM,8.2,2.66,0.82,1
B0048,27.8,60.21,19.41,5.9,37.4,40.66,1312,95,Fixed-Time,11.58,7.76,1.58,1
B0049,28.2,64.97,19.98,4.37,43.79,48.41,1056,99,FA-PID-LSSVM,5.44,3.2,0.96,1
B0050,22.77,66.93,18.02,4.21,48.86,57.9,1289,78,Fixed-Time,14.67,7.18,1.52,1
B0051,34.54,68.91,26.62,6.73,46.72,59.65,1470,99,PID,10.75,5.21,0.86,1
B0052,31.63,58.52,26.79,4.57,52.28,52.74,1057,94,FA-PID-LSSVM,6.78,4.49,0.72,1
B0053,34.09,60.99,24.18,6.46,38.39,43.23,1253,95,PID,10.27,6.19,0.74,1
B0054,33.42,57.29,19.94,5.63,46.95,58.12,1179,73,Fixed-Time,15.24,5.41,2.2,1
B0055,28.97,69.89,19.0,4.23,32.64,50.32,1492,86,Fixed-Time,9.86,6.8,1.72,1
B0056,33.83,68.91,18.23,6.87,42.41,43.07,1156,71,PID,9.45,5.82,1.26,1
B0057,21.33,63.1,19.99,4.74,52.5,58.43,1034,85,Fixed-Time,13.11,6.68,2.0,1
B0058,22.94,67.63,28.69,6.58,50.8,55.15,1074,93,PID,10.17,4.43,1.53,1
B0059,20.68,62.81,20.9,4.51,59.72,54.63,1431,83,PID,10.94,5.55,0.96,1
B0060,24.88,64.35,22.25,6.56,38.34,54.18,1288,95,PID,9.81,5.12,0.74,1
B0061,25.83,56.34,19.26,4.04,44.95,44.01,1370,77,Fixed-Time,10.62,6.4,2.26,1
B0062,24.07,66.33,20.67,5.54,39.89,44.22,1074,83,FA-PID-LSSVM,6.35,3.14,1.0,1
B0063,32.43,56.92,24.23,6.31,43.22,53.77,1328,71,PID,9.34,4.72,1.25,1
B0064,25.35,67.39,25.29,6.8,55.71,44.39,1077,85,FA-PID-LSSVM,5.9,4.28,0.96,1
B0065,24.21,66.73,20.94,6.73,50.53,48.77,1254,73,Fixed-Time,11.66,8.01,2.61,1
B0066,28.14,65.63,18.69,6.46,56.47,55.64,1264,70,Fixed-Time,11.72,6.45,1.37,1
B0067,22.11,55.54,22.69,6.66,36.11,55.68,1486,92,FA-PID-LSSVM,6.6,3.75,0.82,1
B0068,32.03,59.55,20.81,4.6,56.2,49.07,1303,89,PID,10.28,4.89,0.81,1
B0069,21.12,58.95,20.63,4.85,31.79,55.84,1066,96,Fixed-Time,15.18,7.57,1.69,0
B0070,34.8,60.4,29.52,4.87,56.66,56.77,1220,83,PID,8.85,5.67,1.82,1
B0071,31.58,56.31,25.4,5.13,39.87,53.1,1466,77,PID,11.41,5.6,1.36,1
B0072,22.98,69.05,24.68,5.18,39.44,44.57,1163,94,FA-PID-LSSVM,5.93,3.56,0.79,1
B0073,20.08,63.31,22.99,5.63,45.36,45.48,1479,97,Fixed-Time,14.64,7.12,2.19,1
B0074,32.23,59.58,23.15,4.48,58.22,46.3,1454,94,FA-PID-LSSVM,6.69,4.23,0.82,1
B0075,30.6,60.95,24.49,6.07,31.43,42.34,1374,72,Fixed-Time,11.64,4.51,1.98,1
B0076,30.94,61.71,26.36,4.5,40.57,45.46,1219,74,FA-PID-LSSVM,7.25,2.95,1.14,1
B0077,31.57,64.01,26.43,4.93,55.7,44.19,1171,75,Fixed-Time,14.09,6.76,1.4,0
B0078,21.11,62.74,20.06,5.51,41.88,49.11,1253,91,Fixed-Time,14.9,6.54,2.08,1
B0079,25.38,68.79,24.0,6.39,35.97,58.17,1209,95,Fixed-Time,14.51,5.88,2.63,1
B0080,21.74,62.45,22.94,6.22,42.74,42.09,1187,77,PID,11.87,5.72,1.17,1
B0081,32.95,69.88,28.45,5.94,41.57,54.41,1190,75,PID,9.44,4.63,1.27,1
B0082,29.35,67.77,25.58,4.47,57.46,53.75,1388,75,FA-PID-LSSVM,6.15,4.05,1.08,1
B0083,24.96,58.13,24.39,5.64,52.86,41.92,1214,73,FA-PID-LSSVM,6.96,4.07,0.72,1
B0084,20.95,68.96,19.38,4.26,45.15,58.45,1374,76,Fixed-Time,12.57,8.1,2.79,1
B0085,24.66,56.75,25.27,5.13,59.65,51.37,1085,99,Fixed-Time,16.12,8.41,2.11,1
B0086,24.88,67.26,19.41,5.24,43.96,47.27,1473,99,PID,11.95,5.85,0.86,1
B0087,30.94,60.71,22.05,4.12,31.75,55.13,1105,93,PID,10.15,5.86,1.42,1
B0088,29.56,68.17,19.71,4.82,37.87,45.15,1331,88,PID,11.85,5.34,1.0,1
B0089,33.31,68.02,26.3,6.87,43.08,53.87,1295,76,FA-PID-LSSVM,6.94,3.52,0.85,1
B0090,27.08,67.09,20.48,6.86,34.71,40.79,1018,72,PID,9.05,5.05,1.17,1
B0091,21.79,66.85,22.7,5.06,58.43,56.79,1046,77,FA-PID-LSSVM,4.76,3.92,0.83,1
B0092,30.7,59.57,28.75,4.13,53.01,48.96,1064,70,PID,10.9,4.86,1.38,1
B0093,31.41,56.21,20.45,4.54,38.05,52.73,1450,70,PID,9.25,4.74,1.39,1
B0094,28.42,61.04,24.09,5.18,47.72,44.42,1474,83,Fixed-Time,14.71,5.72,2.79,1
B0095,31.56,57.6,23.03,6.84,51.64,53.54,1145,75,FA-PID-LSSVM,6.43,4.4,1.2,1
B0096,27.41,65.42,18.22,4.42,58.24,55.44,1433,79,PID,13.25,5.11,0.67,1
B0097,27.84,60.19,27.51,6.29,56.45,49.46,1285,94,Fixed-Time,9.31,6.39,1.9,1
B0098,26.41,69.63,18.83,4.33,45.46,52.35,1381,97,FA-PID-LSSVM,8.3,3.34,0.91,1
B0099,20.38,64.61,23.69,6.94,53.24,49.13,1065,83,FA-PID-LSSVM,7.47,3.37,0.67,1
B0100,21.62,67.34,24.73,5.14,46.86,57.88,1004,73,PID,10.85,6.28,1.43,1
B0101,20.47,56.99,25.54,6.33,46.58,49.96,1092,75,FA-PID-LSSVM,6.37,3.0,0.66,1
B0102,29.55,67.93,26.26,5.03,33.44,56.84,1352,85,Fixed-Time,11.45,7.15,2.41,1
B0103,24.72,68.84,21.04,5.88,33.78,56.03,1425,97,Fixed-Time,13.03,6.99,2.03,1
B0104,27.63,62.31,18.12,4.58,45.89,48.21,1467,90,FA-PID-LSSVM,6.27,3.85,0.62,1
B0105,33.61,64.09,26.68,4.44,38.07,44.6,1093,97,Fixed-Time,13.28,8.27,1.71,1
B0106,23.74,66.47,24.43,6.81,30.63,48.12,1105,70,FA-PID-LSSVM,8.49,2.99,0.45,1
B0107,26.16,57.62,28.03,6.75,51.69,56.52,1132,75,Fixed-Time,13.11,6.5,2.26,1
B0108,31.33,62.54,27.86,6.66,30.97,44.55,1433,78,FA-PID-LSSVM,7.24,3.22,0.63,1
B0109,23.43,60.98,28.12,5.88,47.86,50.49,1340,84,FA-PID-LSSVM,5.2,3.31,0.95,1
B0110,21.15,57.2,23.82,6.42,46.18,56.12,1313,81,FA-PID-LSSVM,6.13,3.51,0.76,1
B0111,24.35,60.51,22.0,4.21,59.06,47.07,1078,72,Fixed-Time,12.67,7.84,2.82,1
B0112,22.42,56.02,27.5,5.0,44.53,52.84,1211,80,FA-PID-LSSVM,8.0,2.5,0.66,1
B0113,33.95,55.39,23.42,4.94,31.91,44.91,1007,84,FA-PID-LSSVM,7.5,3.82,0.66,1
B0114,32.12,57.03,20.2,5.91,46.55,42.19,1496,72,PID,10.04,4.8,1.23,1
B0115,29.5,69.45,28.26,5.07,55.23,55.89,1158,83,PID,12.3,4.67,1.5,1
B0116,33.07,63.24,28.59,4.45,59.91,41.98,1267,71,FA-PID-LSSVM,6.22,3.08,0.96,1
B0117,32.06,69.49,23.6,5.79,42.91,45.43,1148,98,PID,11.88,5.89,0.81,1
B0118,22.8,61.49,18.91,6.44,39.61,57.1,1349,73,FA-PID-LSSVM,6.53,3.91,0.81,1
B0119,33.39,59.68,22.65,5.15,57.2,46.93,1445,95,PID,8.89,5.59,0.99,1
B0120,28.09,62.59,27.64,4.4,35.74,59.46,1090,88,Fixed-Time,17.59,8.54,2.3,1
B0121,32.11,61.59,28.82,4.59,48.46,59.59,1235,81,Fixed-Time,15.18,7.84,1.47,1
B0122,33.44,56.58,20.44,4.71,42.17,45.37,1473,71,FA-PID-LSSVM,7.35,2.65,0.78,1
B0123,24.77,64.61,18.8,4.9,31.23,40.82,1288,86,FA-PID-LSSVM,7.82,3.97,0.9,1
B0124,21.65,58.24,28.53,5.93,40.42,54.1,1409,72,Fixed-Time,12.92,5.02,1.75,0
B0125,23.42,64.29,22.67,5.8,37.96,49.02,1473,79,Fixed-Time,14.96,6.01,1.48,0
B0126,26.41,64.75,24.5,6.09,50.58,42.02,1355,85,PID,10.71,5.34,1.13,1
B0127,32.27,57.28,29.62,5.09,58.46,54.15,1167,91,FA-PID-LSSVM,6.74,3.56,0.63,1
B0128,32.91,55.92,18.8,6.47,38.04,40.62,1192,78,Fixed-Time,14.24,7.45,2.1,1
B0129,20.1,66.71,25.78,4.61,54.34,57.4,1186,80,Fixed-Time,14.52,8.23,1.49,1
B0130,27.66,61.9,18.89,5.41,31.66,42.77,1270,90,FA-PID-LSSVM,6.3,2.95,0.89,1
B0131,26.26,55.87,22.51,6.4,46.14,42.55,1113,84,PID,10.17,3.99,1.34,1
B0132,23.33,69.92,27.65,4.54,32.12,43.51,1384,72,PID,8.34,5.35,1.27,1
B0133,21.8,55.87,23.2,4.33,58.02,59.21,1010,85,PID,11.83,6.59,0.79,1
B0134,25.06,65.43,29.97,6.65,52.99,53.86,1054,99,PID,10.42,5.04,1.33,1
B0135,34.14,69.76,24.71,5.03,49.74,56.03,1257,90,Fixed-Time,14.43,6.65,1.78,0
B0136,24.85,58.59,21.85,6.05,54.72,47.95,1064,90,FA-PID-LSSVM,5.88,3.4,0.75,1
B0137,27.78,57.13,20.64,4.08,49.43,46.73,1478,90,FA-PID-LSSVM,7.16,3.27,0.72,1
B0138,30.55,56.82,22.21,6.07,59.07,44.69,1171,97,Fixed-Time,16.15,6.71,2.19,1
B0139,25.45,59.55,22.47,4.95,51.42,49.61,1271,81,Fixed-Time,14.72,5.96,2.92,1
B0140,34.58,56.52,18.82,4.17,57.74,51.04,1149,92,Fixed-Time,11.38,9.15,2.39,1
B0141,34.44,65.38,22.43,5.83,45.51,52.64,1361,74,FA-PID-LSSVM,6.03,2.81,0.95,1
B0142,23.78,55.93,23.57,4.72,33.51,45.14,1145,76,FA-PID-LSSVM,8.51,3.28,0.57,1
B0143,27.46,62.64,26.67,5.16,45.85,58.97,1430,78,FA-PID-LSSVM,4.54,3.01,0.78,1
B0144,24.51,69.95,25.88,4.24,33.81,43.4,1208,90,PID,12.9,5.75,1.29,1
B0145,24.27,67.21,26.51,4.44,47.77,59.31,1285,87,Fixed-Time,13.2,6.42,2.7,0
B0146,20.55,64.23,18.1,4.89,44.47,40.3,1009,90,Fixed-Time,14.4,6.97,2.17,1
B0147,29.14,59.59,20.61,4.27,48.68,49.62,1226,77,Fixed-Time,12.28,6.45,2.28,1
B0148,27.54,64.36,25.94,6.73,30.3,46.67,1185,81,FA-PID-LSSVM,6.89,4.52,0.76,1
B0149,20.77,62.91,23.81,4.02,35.85,48.98,1061,89,Fixed-Time,17.54,5.04,2.07,0
B0150,24.18,61.39,18.06,5.45,44.74,51.41,1084,71,Fixed-Time,13.33,7.44,2.22,1
B0151,33.62,56.96,27.65,4.37,58.52,48.71,1463,79,PID,10.18,3.73,0.72,1
B0152,23.59,68.3,27.27,4.92,41.51,48.3,1133,88,FA-PID-LSSVM,7.72,2.68,0.95,1
B0153,22.17,61.75,24.58,6.78,42.73,54.65,1322,78,Fixed-Time,14.25,6.83,1.96,1
B0154,27.34,57.92,18.8,4.49,51.44,53.72,1296,94,FA-PID-LSSVM,7.51,3.58,0.57,1
B0155,34.78,60.52,27.2,6.9,48.11,56.67,1170,93,FA-PID-LSSVM,7.32,2.98,0.63,1
B0156,23.63,61.21,25.0,4.62,38.97,45.0,1212,77,FA-PID-LSSVM,6.73,2.97,0.7,1
B0157,30.08,67.41,27.38,6.22,42.32,52.19,1460,93,PID,8.71,3.88,1.51,1
B0158,31.42,66.0,27.02,5.64,36.53,51.7,1017,93,FA-PID-LSSVM,5.7,3.41,0.95,1
B0159,23.56,66.54,27.64,6.65,58.98,47.39,1313,93,FA-PID-LSSVM,6.39,3.09,0.85,1
B0160,30.92,55.17,24.22,5.66,33.92,49.72,1059,70,FA-PID-LSSVM,8.12,2.92,0.77,1
B0161,25.52,61.24,19.68,5.6,41.16,46.28,1087,75,Fixed-Time,10.54,6.61,2.02,1
B0162,29.48,62.22,26.05,4.59,30.78,42.84,1026,81,PID,9.22,5.99,1.13,1
B0163,29.5,55.29,25.45,4.5,36.65,44.28,1067,94,Fixed-Time,9.88,7.34,2.3,1
B0164,28.04,58.9,26.91,6.75,53.41,42.11,1277,93,PID,9.62,4.13,1.15,1
B0165,21.35,66.4,20.04,4.98,36.04,53.66,1407,88,PID,10.92,5.17,0.46,1
B0166,32.53,57.06,20.34,5.12,32.4,53.21,1039,96,FA-PID-LSSVM,7.5,4.26,0.82,1
B0167,24.81,63.03,28.68,6.28,44.23,59.01,1108,86,FA-PID-LSSVM,5.97,3.24,1.15,1
B0168,22.8,58.23,27.0,5.02,30.3,54.59,1073,71,Fixed-Time,15.82,7.64,2.18,1
B0169,20.61,55.18,28.9,6.86,32.54,41.04,1065,80,PID,13.5,4.46,1.37,1
B0170,28.86,58.62,27.1,6.21,54.23,57.68,1167,87,FA-PID-LSSVM,8.99,3.83,0.65,1
B0171,30.16,69.64,25.17,5.79,53.14,57.25,1261,92,FA-PID-LSSVM,7.24,4.18,0.6,1
B0172,20.25,67.02,25.85,6.64,57.45,48.87,1367,97,FA-PID-LSSVM,6.97,3.38,0.67,1
B0173,27.68,69.39,28.67,4.15,55.64,51.72,1273,91,FA-PID-LSSVM,7.24,3.45,0.93,1
B0174,23.4,62.32,24.95,4.77,50.5,59.52,1336,80,Fixed-Time,16.28,5.73,2.03,1
B0175,29.68,56.65,25.59,5.4,31.57,50.65,1357,87,Fixed-Time,12.33,6.73,2.54,1
B0176,22.62,63.22,19.88,4.68,53.49,58.11,1236,77,FA-PID-LSSVM,6.98,4.23,1.18,1
B0177,30.36,61.82,23.69,6.23,55.37,41.66,1214,84,FA-PID-LSSVM,7.55,3.8,0.83,1
B0178,25.8,67.67,26.6,6.76,53.97,43.82,1365,78,FA-PID-LSSVM,7.97,2.28,0.8,1
B0179,34.05,56.47,21.25,5.27,45.25,48.82,1285,84,FA-PID-LSSVM,6.43,3.57,1.02,1
B0180,22.06,62.32,20.43,5.03,36.99,51.7,1377,76,FA-PID-LSSVM,7.02,3.32,0.52,1
B0181,25.12,57.25,21.77,6.88,55.36,56.32,1148,89,PID,10.34,5.75,0.95,1
B0182,21.7,59.87,20.9,5.33,51.81,59.77,1317,82,PID,7.49,6.96,1.3,1
B0183,33.87,66.06,20.58,5.47,59.42,47.78,1393,82,PID,10.17,6.29,1.24,1
B0184,33.16,62.14,23.1,5.05,34.67,40.95,1375,70,PID,12.5,6.18,0.82,1
B0185,23.87,60.64,28.89,6.73,36.77,56.02,1106,89,FA-PID-LSSVM,7.46,4.36,0.6,1
B0186,29.9,60.92,24.08,5.71,36.35,52.09,1140,73,PID,9.02,4.64,1.47,1
B0187,32.26,61.89,20.26,6.29,53.78,43.97,1075,93,PID,10.93,3.8,1.3,1
B0188,28.33,66.78,18.92,6.44,35.61,49.9,1008,73,Fixed-Time,13.5,6.89,1.58,1
B0189,27.94,68.38,26.35,5.03,32.0,54.85,1195,73,PID,8.24,5.88,1.71,1
B0190,23.63,69.33,22.59,5.3,59.96,55.41,1294,82,PID,9.53,4.89,1.35,1
B0191,21.4,66.8,27.86,6.55,30.74,49.99,1279,71,FA-PID-LSSVM,8.62,3.24,0.53,1
B0192,33.46,59.73,25.91,5.09,55.06,46.1,1380,97,PID,11.45,5.85,1.2,1
B0193,33.51,65.32,27.55,6.38,40.96,59.47,1117,95,PID,9.66,6.0,1.36,1
B0194,29.5,61.56,21.26,6.82,55.25,53.27,1289,92,FA-PID-LSSVM,6.23,3.52,0.53,1
B0195,25.09,58.82,26.31,5.87,46.64,48.16,1486,84,PID,11.53,5.05,1.07,1
B0196,25.24,67.61,21.17,6.22,57.05,45.61,1060,73,FA-PID-LSSVM,6.97,3.52,0.98,1
B0197,30.89,55.58,29.27,6.42,57.79,54.62,1424,96,PID,11.39,5.13,1.43,1
B0198,33.46,68.53,25.64,6.54,30.27,44.84,1388,75,Fixed-Time,14.8,6.57,1.94,1
B0199,33.31,61.92,21.89,5.19,32.26,43.43,1334,72,Fixed-Time,14.53,5.72,2.67,0
B0200,31.7,64.56,21.23,4.15,37.51,50.6,1305,76,PID,11.65,5.34,1.32,1
B0201,29.63,64.89,20.29,5.21,50.08,45.8,1387,75,Fixed-Time,14.27,8.19,2.17,1
B0202,21.26,68.43,26.34,6.02,56.65,52.58,1050,72,FA-PID-LSSVM,6.94,3.77,1.19,1
B0203,22.42,64.55,20.62,5.35,43.8,42.36,1051,73,PID,9.68,4.86,0.94,1
B0204,33.48,64.21,25.14,6.25,48.21,53.1,1121,79,FA-PID-LSSVM,5.93,2.97,0.43,1
B0205,29.1,56.0,21.18,5.07,35.65,45.67,1166,99,Fixed-Time,14.85,8.99,3.03,1
B0206,20.14,62.78,25.94,5.9,54.15,40.0,1007,90,FA-PID-LSSVM,6.15,4.45,0.6,1
B0207,21.52,57.25,27.78,4.56,59.02,42.54,1368,78,Fixed-Time,17.78,6.03,2.12,1
B0208,29.95,66.06,27.34,6.25,38.06,58.67,1044,99,Fixed-Time,11.45,7.79,2.02,1
B0209,20.08,62.68,27.13,5.64,44.84,57.35,1343,75,Fixed-Time,14.2,6.48,1.72,1
B0210,22.41,65.2,20.25,4.61,32.58,44.67,1244,98,FA-PID-LSSVM,7.81,3.05,0.68,1
B0211,28.23,55.63,19.06,4.88,46.77,55.57,1283,89,Fixed-Time,13.87,7.22,2.81,1
B0212,30.38,56.27,26.39,6.25,45.08,52.17,1374,96,PID,12.73,5.44,1.38,1
B0213,29.78,65.74,22.42,5.45,34.33,59.42,1106,80,Fixed-Time,16.07,6.72,2.09,1
B0214,23.36,56.08,23.19,4.65,43.26,47.47,1026,76,PID,8.53,6.11,1.34,1
B0215,30.68,56.07,18.37,6.9,40.02,53.63,1192,87,PID,11.98,5.59,1.19,1
B0216,23.56,55.18,21.11,6.15,45.65,41.27,1417,73,PID,10.61,5.2,0.81,1
B0217,24.88,69.35,18.4,6.87,47.57,47.92,1336,74,PID,9.0,5.81,0.82,1
B0218,31.2,66.06,28.55,5.28,30.25,59.28,1356,73,FA-PID-LSSVM,6.6,2.97,0.71,1
B0219,29.74,60.3,20.92,5.43,52.83,50.78,1061,73,PID,10.27,4.95,0.77,1
B0220,32.74,59.45,24.69,6.69,51.39,45.76,1061,96,Fixed-Time,13.63,6.04,1.68,1
B0221,29.86,60.25,18.47,5.58,40.99,42.41,1421,82,PID,11.83,6.3,1.43,1
B0222,28.52,66.62,26.0,6.12,31.59,54.07,1281,85,Fixed-Time,13.57,7.14,1.24,0
B0223,21.41,64.92,21.88,4.76,52.65,52.9,1120,94,FA-PID-LSSVM,8.98,2.73,0.39,1
B0224,25.52,57.78,28.78,5.34,58.66,47.48,1279,83,PID,10.9,5.68,1.22,1
B0225,23.98,57.61,28.66,4.37,37.2,59.02,1038,80,Fixed-Time,15.19,5.87,1.53,0
B0226,23.66,56.48,21.9,4.62,39.71,40.44,1379,98,FA-PID-LSSVM,7.12,3.62,0.55,1
B0227,34.6,64.9,28.81,4.0,35.51,46.07,1276,71,FA-PID-LSSVM,6.06,3.82,0.6,1
B0228,25.9,66.47,29.95,4.12,47.31,58.42,1093,91,Fixed-Time,15.08,5.63,2.88,1
B0229,33.38,58.98,27.9,6.93,34.65,46.42,1430,83,PID,9.31,4.15,1.23,1
B0230,29.47,55.31,28.14,4.73,40.69,45.05,1114,93,FA-PID-LSSVM,7.04,4.26,0.96,1
B0231,31.92,56.23,20.99,5.99,50.91,50.68,1175,93,Fixed-Time,12.42,7.87,1.38,0
B0232,27.54,69.52,24.92,6.52,46.8,56.48,1120,96,PID,9.42,5.12,1.16,1
B0233,28.65,59.43,18.81,5.65,41.59,42.06,1012,76,FA-PID-LSSVM,9.35,3.97,0.62,1
B0234,27.39,66.54,19.14,4.46,42.61,58.86,1484,95,Fixed-Time,14.2,6.66,1.93,1
B0235,22.93,64.37,29.99,6.18,46.86,55.9,1386,80,FA-PID-LSSVM,7.26,2.84,0.86,1
B0236,30.84,60.73,21.92,5.8,30.18,43.63,1415,73,FA-PID-LSSVM,8.91,2.5,0.57,1
B0237,24.21,58.09,26.98,6.19,32.36,54.24,1162,76,Fixed-Time,13.11,7.54,2.45,1
B0238,20.36,56.82,27.68,6.31,56.44,47.7,1274,98,FA-PID-LSSVM,7.81,3.36,0.43,1
B0239,29.68,64.23,28.3,6.93,32.34,48.05,1397,85,Fixed-Time,13.87,6.92,2.6,1
B0240,22.66,66.62,29.97,5.72,51.2,55.67,1175,95,PID,10.52,4.78,1.14,1
B0241,34.11,64.66,20.9,5.02,57.6,59.26,1469,75,Fixed-Time,17.39,8.99,0.92,0
B0242,34.31,62.95,18.48,5.95,38.12,42.53,1336,96,PID,10.67,5.25,1.14,1
B0243,33.72,55.63,22.93,4.21,41.11,48.41,1378,75,FA-PID-LSSVM,8.27,3.61,0.97,1
B0244,25.55,69.53,19.56,6.69,47.07,49.62,1323,71,Fixed-Time,14.02,8.06,2.2,0
B0245,20.23,66.98,18.27,4.36,56.45,47.53,1172,93,Fixed-Time,14.85,7.87,1.78,1
B0246,33.92,59.39,22.33,4.98,58.26,47.26,1487,77,Fixed-Time,13.08,6.96,1.75,1
B0247,26.42,69.7,27.4,6.45,52.19,41.05,1274,99,Fixed-Time,15.91,7.46,1.5,1
B0248,34.5,64.03,24.79,5.79,32.6,53.71,1063,96,PID,7.64,5.44,1.25,1
B0249,34.45,63.74,21.75,5.18,50.07,48.72,1100,76,PID,8.23,4.99,1.68,1
B0250,32.8,66.22,25.85,5.42,42.31,43.9,1321,96,FA-PID-LSSVM,6.34,3.34,0.69,1
B0251,24.42,67.18,20.78,6.56,44.12,56.32,1462,94,FA-PID-LSSVM,6.91,3.21,0.9,1
B0252,25.78,64.85,18.17,5.02,31.47,56.05,1065,93,FA-PID-LSSVM,7.2,3.89,0.59,1
B0253,32.77,56.92,27.17,6.61,35.73,49.73,1330,83,FA-PID-LSSVM,6.66,3.39,0.89,1
B0254,24.75,60.07,25.48,4.26,53.72,45.97,1044,78,Fixed-Time,12.41,7.92,2.59,1
B0255,22.54,68.92,27.15,6.33,43.62,52.76,1086,84,PID,10.94,4.34,1.73,1
B0256,28.35,58.37,18.47,6.54,39.05,45.76,1457,94,PID,10.31,3.79,0.99,1
B0257,34.04,60.58,28.05,4.55,41.52,44.72,1066,91,PID,9.07,4.74,1.07,1
B0258,30.44,61.48,25.43,5.29,55.63,54.61,1452,87,PID,10.11,5.03,1.17,1
B0259,28.55,61.59,24.76,4.5,52.47,40.81,1258,81,FA-PID-LSSVM,7.59,3.13,1.04,1
B0260,21.46,64.19,25.5,6.12,38.17,41.9,1421,92,Fixed-Time,11.55,7.62,2.82,1
B0261,29.23,69.15,28.37,5.61,33.53,40.14,1204,88,PID,9.75,4.54,1.31,1
B0262,34.85,58.61,25.04,5.91,37.56,43.06,1425,82,Fixed-Time,11.65,6.01,2.58,1
B0263,22.1,56.82,24.97,4.59,57.62,41.38,1466,76,Fixed-Time,12.57,8.74,2.21,0
B0264,27.77,57.96,29.89,4.64,47.45,59.92,1423,94,Fixed-Time,15.07,5.66,2.31,1
B0265,33.16,68.3,27.08,4.12,46.0,45.78,1177,79,Fixed-Time,10.79,6.26,2.1,0
B0266,31.11,64.69,23.31,4.97,47.89,42.99,1418,99,PID,8.15,4.43,0.99,1
B0267,30.46,59.29,26.49,5.68,40.98,44.82,1279,79,PID,9.44,5.05,0.75,1
B0268,30.54,67.24,22.67,6.57,54.21,58.72,1343,71,PID,10.63,6.19,1.24,1
B0269,25.39,67.92,20.75,6.0,45.7,50.4,1016,83,FA-PID-LSSVM,8.54,4.17,0.96,1
B0270,24.4,67.7,25.16,5.31,33.5,47.3,1295,82,PID,10.61,5.27,1.43,1
B0271,32.14,68.78,29.14,6.86,33.87,57.47,1201,91,FA-PID-LSSVM,6.61,2.56,0.9,1
B0272,32.15,58.78,29.15,6.16,46.11,47.9,1449,98,FA-PID-LSSVM,5.87,3.02,0.8,1
B0273,33.01,66.33,22.1,6.79,58.1,46.7,1171,75,FA-PID-LSSVM,6.9,2.79,0.83,1
B0274,33.7,61.91,24.33,5.58,39.25,44.15,1406,78,PID,11.95,4.4,1.58,1
B0275,27.67,67.63,20.54,4.78,56.09,47.56,1261,82,PID,8.16,6.84,1.08,1
B0276,27.52,65.93,29.95,4.16,52.92,46.33,1193,78,PID,10.72,3.83,1.18,1
B0277,31.97,66.65,29.77,6.18,37.43,53.55,1148,82,FA-PID-LSSVM,7.23,3.46,0.69,1
B0278,29.75,64.84,25.79,4.36,31.09,45.79,1374,74,FA-PID-LSSVM,6.05,4.07,0.81,1
B0279,30.53,57.66,27.65,4.91,33.06,51.54,1375,83,Fixed-Time,17.08,6.47,1.78,1
B0280,31.94,63.18,26.58,5.6,51.85,41.32,1034,74,FA-PID-LSSVM,7.82,4.02,0.71,1
B0281,33.35,69.77,25.12,5.69,35.99,43.83,1368,78,FA-PID-LSSVM,6.92,3.4,0.93,1
B0282,25.07,69.06,18.64,5.8,41.14,48.15,1028,77,PID,13.26,6.35,0.5,1
B0283,25.63,55.65,23.46,4.5,45.05,58.74,1262,76,Fixed-Time,13.38,5.65,2.47,1
B0284,21.41,57.47,26.1,5.14,51.76,47.55,1220,77,Fixed-Time,14.01,7.35,2.45,0
B0285,28.67,56.98,26.13,5.85,33.4,53.28,1052,91,Fixed-Time,11.92,6.13,1.23,1
B0286,20.54,65.89,22.48,6.91,42.19,45.1,1420,72,PID,8.6,6.01,0.75,1
B0287,26.98,67.27,29.3,6.18,44.55,42.54,1278,92,Fixed-Time,14.55,6.73,1.95,1
B0288,28.14,58.2,20.01,6.77,46.22,41.17,1352,93,Fixed-Time,16.73,6.22,3.11,1
B0289,24.3,62.59,24.0,6.29,54.55,46.11,1391,84,PID,12.43,5.74,1.06,1
B0290,28.86,67.61,26.29,5.78,35.15,43.15,1075,77,Fixed-Time,17.26,5.15,1.74,1
B0291,20.46,65.99,26.37,4.58,54.23,43.48,1493,70,FA-PID-LSSVM,7.47,2.92,0.57,1
B0292,20.56,63.13,25.78,6.0,50.79,55.22,1175,76,FA-PID-LSSVM,6.28,3.6,0.54,1
B0293,32.34,63.86,21.3,5.87,46.68,40.32,1009,88,FA-PID-LSSVM,6.38,3.49,0.56,1
B0294,25.4,62.63,19.87,5.81,50.99,51.16,1462,71,FA-PID-LSSVM,8.43,2.64,0.76,1
B0295,21.91,59.46,25.63,5.47,42.36,47.59,1116,83,FA-PID-LSSVM,8.27,2.84,0.78,1
B0296,27.83,63.48,25.19,5.59,34.15,50.13,1279,87,FA-PID-LSSVM,7.13,3.1,0.78,1
B0297,31.55,65.33,20.15,5.0,49.97,51.26,1217,99,FA-PID-LSSVM,7.56,3.27,0.95,1
B0298,23.24,68.1,26.46,5.56,45.74,46.27,1174,84,FA-PID-LSSVM,7.39,3.21,1.03,1
B0299,29.34,64.54,23.46,4.59,49.18,45.9,1233,83,FA-PID-LSSVM,6.26,3.93,0.66,1
B0300,21.28,66.42,26.01,6.42,40.14,54.67,1436,93,PID,10.03,5.13,1.3,1
B0301,20.78,57.4,28.05,4.56,57.21,57.43,1251,94,PID,6.88,5.59,1.17,1
B0302,27.97,61.92,20.04,4.25,47.62,43.85,1294,88,FA-PID-LSSVM,7.29,3.75,0.88,1
B0303,28.11,55.14,18.23,5.31,32.56,41.95,1450,99,PID,7.49,4.45,1.3,1
B0304,29.56,58.7,27.35,5.97,43.49,57.96,1321,88,PID,10.8,4.66,1.42,1
B0305,30.89,65.9,25.32,5.31,52.69,47.0,1005,91,FA-PID-LSSVM,6.74,3.94,1.04,1
B0306,34.64,69.88,26.4,4.83,53.82,51.03,1020,96,FA-PID-LSSVM,7.28,3.78,0.68,1
B0307,27.74,56.49,28.06,5.67,44.84,47.19,1072,95,PID,11.84,5.41,1.11,1
B0308,24.84,61.02,27.63,5.04,56.84,42.52,1329,86,FA-PID-LSSVM,5.78,3.26,0.58,1
B0309,31.93,67.0,29.53,6.8,38.03,51.79,1035,91,FA-PID-LSSVM,7.76,4.11,0.98,1
B0310,24.06,58.06,24.43,6.77,42.32,50.5,1386,97,FA-PID-LSSVM,9.49,3.27,0.92,1
B0311,26.58,63.33,23.86,5.51,56.96,44.06,1232,88,FA-PID-LSSVM,5.82,3.4,0.5,1
B0312,21.18,66.0,22.82,4.98,56.89,49.04,1215,96,PID,11.35,4.98,0.58,1
B0313,20.38,64.24,19.84,6.21,50.57,55.94,1469,85,Fixed-Time,12.63,8.79,2.21,0
B0314,34.44,57.82,24.87,4.11,55.77,51.81,1496,89,PID,11.65,4.66,1.27,1
B0315,32.54,60.33,21.32,5.42,32.66,41.94,1205,94,Fixed-Time,17.93,7.34,1.82,1
B0316,30.44,66.76,29.06,5.01,55.95,50.96,1425,88,Fixed-Time,10.95,6.48,1.63,1
B0317,26.13,63.31,25.0,6.76,39.62,54.05,1428,70,Fixed-Time,12.3,8.45,2.72,1
B0318,22.6,55.08,25.11,4.04,35.35,55.85,1043,88,PID,9.17,4.51,1.34,1
B0319,22.35,66.41,22.26,5.66,37.18,52.58,1090,76,PID,10.64,5.81,1.02,1
B0320,23.75,55.53,18.62,6.22,42.54,43.05,1416,98,PID,12.12,5.14,1.98,1
B0321,28.24,66.19,18.38,5.46,37.54,54.2,1315,92,PID,8.08,7.07,1.16,1
B0322,30.72,58.04,23.08,4.26,39.62,53.55,1469,80,PID,10.83,4.8,0.73,1
B0323,29.9,69.37,19.01,6.92,34.05,40.49,1092,74,Fixed-Time,12.94,6.63,2.09,1
B0324,24.2,60.52,25.28,5.55,38.89,48.23,1466,99,PID,12.18,4.85,1.44,1
B0325,34.32,59.9,28.57,5.84,47.17,46.66,1338,86,Fixed-Time,12.34,7.1,1.91,1
B0326,31.07,57.23,28.59,4.71,43.26,53.39,1453,80,PID,11.67,4.97,0.64,1
B0327,28.32,59.58,25.91,5.45,40.4,44.32,1492,93,PID,9.47,4.22,1.35,1
B0328,29.18,68.15,20.53,5.29,52.39,51.82,1082,95,FA-PID-LSSVM,7.44,3.35,0.42,1
B0329,26.29,69.95,28.36,4.22,56.81,58.26,1332,77,Fixed-Time,13.53,7.33,2.41,1
B0330,23.72,60.52,28.63,4.32,52.7,55.96,1281,79,PID,13.13,5.64,0.57,1
B0331,25.34,61.73,20.36,6.51,39.96,58.43,1469,81,PID,9.66,5.71,1.07,1
B0332,31.37,65.83,26.85,4.72,52.33,59.57,1020,79,PID,12.41,5.69,0.99,1
B0333,20.22,68.29,21.44,4.58,34.56,40.21,1227,82,FA-PID-LSSVM,7.03,3.05,0.76,1
B0334,21.74,63.9,27.63,5.51,33.91,52.45,1375,95,Fixed-Time,12.89,8.17,3.06,1
B0335,20.69,60.87,29.97,6.31,40.37,48.26,1129,87,PID,8.3,4.96,1.38,1
B0336,20.61,61.19,18.36,4.19,54.23,57.2,1174,79,PID,10.41,5.2,1.22,1
B0337,32.83,65.43,28.77,5.73,37.39,45.04,1107,88,PID,14.28,6.59,0.99,1
B0338,30.55,55.05,25.47,4.36,31.9,59.62,1413,89,FA-PID-LSSVM,8.05,3.75,0.8,1
B0339,27.11,64.29,29.68,4.11,33.95,52.27,1282,86,PID,9.14,5.59,1.11,1
B0340,21.47,60.33,23.58,4.16,55.76,55.87,1070,89,Fixed-Time,13.24,6.23,2.5,0
B0341,27.37,66.91,28.17,6.5,49.01,41.71,1403,85,Fixed-Time,13.13,5.52,0.85,1
B0342,27.1,56.39,18.75,4.35,37.6,43.67,1049,74,Fixed-Time,11.78,6.87,1.29,1
B0343,22.6,63.82,22.02,4.14,46.66,55.17,1094,72,Fixed-Time,17.02,6.0,1.79,1
B0344,26.51,62.21,18.8,5.31,45.83,40.44,1278,99,PID,8.32,5.0,1.42,1
B0345,25.98,64.63,29.7,6.53,49.66,56.34,1396,96,FA-PID-LSSVM,6.97,2.94,0.7,1
B0346,29.24,55.97,27.8,4.79,37.0,40.28,1336,84,FA-PID-LSSVM,7.3,3.35,0.79,1
B0347,29.53,63.7,28.23,5.27,55.93,53.14,1131,95,FA-PID-LSSVM,6.98,3.24,0.96,1
B0348,20.68,63.42,29.26,4.12,39.28,47.3,1397,71,PID,9.78,4.5,1.87,1
B0349,25.62,63.41,19.02,5.35,50.82,52.23,1275,82,FA-PID-LSSVM,6.92,2.2,1.05,1
B0350,29.39,64.05,22.63,5.73,30.48,53.92,1379,91,Fixed-Time,16.5,7.46,2.32,1
B0351,27.55,65.15,18.85,5.71,41.18,46.85,1012,77,PID,12.83,5.95,0.29,1
B0352,32.85,67.07,20.53,5.0,40.55,42.16,1002,92,FA-PID-LSSVM,8.58,3.9,1.2,1
B0353,29.88,59.05,20.75,4.95,46.3,41.39,1473,96,Fixed-Time,16.47,8.58,2.44,1
B0354,22.44,67.38,23.63,4.32,32.18,51.78,1473,99,Fixed-Time,16.7,6.47,2.95,1
B0355,21.06,62.47,21.22,5.1,53.7,50.41,1465,86,PID,11.08,5.31,0.83,1
B0356,29.64,56.16,19.21,4.3,36.53,54.84,1223,73,PID,8.05,4.69,1.44,1
B0357,20.4,55.88,20.01,6.3,50.31,50.19,1461,88,FA-PID-LSSVM,8.58,3.96,1.01,1
B0358,28.79,60.01,19.77,6.9,54.1,48.45,1174,91,FA-PID-LSSVM,6.92,2.63,0.71,1
B0359,34.1,66.77,29.68,6.91,46.86,47.96,1386,94,FA-PID-LSSVM,6.74,3.25,0.81,1
B0360,28.63,65.62,27.11,6.6,52.23,40.53,1384,78,PID,11.16,5.89,1.12,1
B0361,25.82,66.83,29.61,5.8,49.86,46.71,1089,92,FA-PID-LSSVM,5.1,3.26,0.81,1
B0362,29.65,62.76,23.28,6.1,40.67,59.52,1407,84,FA-PID-LSSVM,8.22,3.22,0.9,1
B0363,26.87,61.6,21.34,4.86,54.27,57.47,1240,97,Fixed-Time,14.58,7.04,2.47,1
B0364,28.18,57.21,27.58,5.89,38.84,46.59,1034,78,Fixed-Time,12.68,7.43,1.46,0
B0365,34.12,59.92,21.92,5.37,47.14,51.76,1013,93,Fixed-Time,13.8,7.21,1.77,1
B0366,25.79,61.51,21.59,5.45,52.36,56.95,1194,90,FA-PID-LSSVM,6.66,4.0,0.98,1
B0367,34.42,56.33,20.79,6.27,41.37,48.83,1396,78,PID,5.32,5.19,1.24,1
B0368,33.58,58.31,19.56,4.85,39.08,40.36,1430,83,Fixed-Time,12.08,6.61,2.67,0
B0369,22.94,63.97,21.08,4.95,43.78,41.49,1305,92,PID,9.94,5.46,1.03,1
B0370,21.04,66.03,22.26,6.77,54.54,50.21,1333,90,FA-PID-LSSVM,6.4,4.22,0.86,1
B0371,21.51,69.98,26.09,4.17,57.9,59.39,1212,85,FA-PID-LSSVM,6.44,3.37,1.13,1
B0372,20.27,69.0,18.75,5.46,46.35,53.86,1409,93,Fixed-Time,13.53,6.31,1.66,1
B0373,21.42,64.64,20.53,6.74,49.84,41.42,1002,92,PID,9.72,5.63,1.01,1
B0374,30.25,61.32,27.71,5.83,57.1,43.79,1178,94,Fixed-Time,11.74,7.24,1.95,1
B0375,21.07,64.54,19.76,5.64,32.96,55.43,1039,95,FA-PID-LSSVM,6.17,3.8,0.72,1
B0376,24.78,66.78,22.11,4.75,36.96,56.83,1451,86,PID,10.19,6.2,1.59,1
B0377,32.67,56.78,28.38,5.03,51.27,52.35,1163,82,Fixed-Time,13.44,6.37,1.57,0
B0378,20.35,61.15,19.86,6.56,54.71,52.89,1306,78,FA-PID-LSSVM,7.69,3.03,0.63,1
B0379,32.22,67.6,18.99,5.68,55.71,40.57,1234,84,Fixed-Time,12.62,6.4,1.09,1
B0380,24.23,60.76,23.81,5.54,42.45,56.57,1256,76,PID,11.69,5.14,0.8,1
B0381,21.77,63.58,21.63,4.3,32.68,55.77,1359,70,PID,10.48,5.0,1.18,1
B0382,30.45,63.82,24.76,4.05,43.13,45.18,1494,70,PID,12.71,5.38,0.96,1
B0383,29.43,57.77,27.65,6.89,36.92,54.17,1416,74,PID,9.43,5.7,1.59,1
B0384,33.16,60.43,19.65,5.13,38.74,44.3,1390,93,PID,10.92,5.77,1.38,1
B0385,31.03,60.02,24.97,5.81,53.17,40.81,1372,78,Fixed-Time,16.84,5.05,2.33,1
B0386,32.05,55.39,24.07,4.24,32.27,44.02,1115,81,Fixed-Time,15.97,6.03,1.55,1
B0387,24.23,55.36,19.73,6.05,54.83,43.57,1051,75,Fixed-Time,13.04,7.24,2.43,1
B0388,22.66,67.48,25.49,6.8,42.83,46.75,1375,97,Fixed-Time,16.16,7.71,1.32,1
B0389,31.26,59.1,21.28,5.73,47.88,48.37,1394,82,FA-PID-LSSVM,7.08,3.74,0.79,1
B0390,32.1,62.77,23.85,4.38,32.69,50.17,1410,95,FA-PID-LSSVM,7.52,3.33,0.85,1
B0391,34.86,59.48,18.99,5.75,40.12,49.54,1141,97,Fixed-Time,10.98,6.31,1.66,1
B0392,26.19,69.11,23.52,6.3,32.69,45.41,1085,77,FA-PID-LSSVM,6.63,3.67,0.56,1
B0393,25.58,58.89,21.68,5.22,58.85,40.58,1463,84,FA-PID-LSSVM,6.14,3.06,1.23,1
B0394,31.65,61.44,27.87,6.64,54.22,52.1,1045,75,PID,10.25,5.2,1.18,1
B0395,25.11,68.09,18.68,5.95,43.79,47.91,1331,96,Fixed-Time,17.11,5.39,1.97,0
B0396,33.96,67.63,23.02,6.7,36.71,45.97,1496,75,FA-PID-LSSVM,5.38,3.48,0.69,1
B0397,32.88,57.79,23.5,5.87,58.0,57.34,1237,73,FA-PID-LSSVM,5.98,3.36,1.13,1
B0398,26.43,67.04,26.7,4.39,40.34,54.93,1009,80,Fixed-Time,11.28,8.69,1.87,0
B0399,31.26,61.87,24.89,4.93,34.83,57.16,1151,90,PID,7.8,5.32,1.12,1
B0400,31.32,62.24,26.01,4.61,46.89,49.9,1060,99,Fixed-Time,11.64,7.4,1.63,1
B0401,21.55,57.0,27.32,6.73,58.31,42.62,1493,87,PID,8.75,5.33,1.27,1
B0402,33.54,56.21,28.35,6.28,30.11,53.92,1017,72,FA-PID-LSSVM,5.93,3.84,0.72,1
B0403,27.58,65.92,21.77,6.03,37.14,44.12,1085,72,PID,6.76,5.74,0.86,1
B0404,32.4,62.45,24.46,4.9,58.15,48.82,1136,99,PID,8.93,5.77,1.1,1
B0405,24.8,61.55,28.08,4.55,35.13,41.3,1400,81,Fixed-Time,15.84,8.21,1.68,1
B0406,33.43,65.94,29.87,6.27,33.4,56.51,1229,96,FA-PID-LSSVM,7.79,4.24,0.76,1
B0407,25.84,66.48,28.67,5.42,47.11,42.52,1127,90,Fixed-Time,16.07,5.62,1.88,0
B0408,20.16,57.38,22.46,4.68,55.86,58.06,1103,99,Fixed-Time,15.89,4.85,2.11,1
B0409,33.58,64.15,20.34,5.85,44.31,57.28,1185,90,FA-PID-LSSVM,6.98,3.82,1.22,1
B0410,21.37,57.03,23.87,4.12,59.84,49.29,1396,75,Fixed-Time,13.08,6.72,1.78,1
B0411,24.79,66.27,26.9,4.98,50.38,54.89,1177,90,Fixed-Time,15.27,5.97,2.31,1
B0412,34.25,64.85,23.91,5.41,32.22,52.39,1356,97,PID,11.21,5.32,1.42,1
B0413,34.26,69.35,23.8,4.44,59.78,56.06,1005,75,Fixed-Time,15.6,8.63,1.82,1
B0414,28.6,56.03,28.06,6.95,42.24,48.64,1340,77,FA-PID-LSSVM,6.45,4.04,0.88,1
B0415,29.48,55.86,22.34,4.63,38.62,55.72,1306,84,Fixed-Time,9.32,7.3,1.8,1
B0416,26.73,59.23,28.32,4.39,46.74,49.25,1035,87,PID,11.31,5.43,0.88,1
B0417,24.4,58.93,22.88,4.61,39.13,58.82,1326,89,Fixed-Time,13.86,8.0,2.38,1
B0418,24.93,58.7,21.94,6.31,32.59,49.73,1355,98,Fixed-Time,15.24,6.9,2.39,0
B0419,30.09,68.59,23.45,5.28,30.04,49.25,1280,85,Fixed-Time,14.37,5.88,1.12,1
B0420,31.29,58.74,27.15,5.7,43.49,55.7,1394,75,PID,12.19,4.37,1.33,1
B0421,31.87,59.08,19.51,4.06,55.11,56.43,1299,97,FA-PID-LSSVM,8.11,3.88,1.02,1
B0422,31.84,66.39,20.36,4.1,47.17,51.09,1013,90,FA-PID-LSSVM,6.79,3.27,0.65,1
B0423,21.37,61.75,29.42,5.34,59.98,43.6,1236,86,PID,10.42,5.19,1.26,1
B0424,27.42,66.65,20.11,6.45,38.61,49.36,1284,78,PID,10.31,5.15,0.97,1
B0425,20.86,55.98,24.81,6.66,38.41,59.36,1329,88,Fixed-Time,15.88,7.08,1.91,1
B0426,28.24,62.31,24.95,4.26,34.79,55.06,1049,87,FA-PID-LSSVM,6.25,2.85,0.63,1
B0427,26.62,55.5,23.88,5.62,34.92,56.22,1495,94,PID,11.55,5.34,0.77,1
B0428,33.32,55.94,25.74,6.74,38.56,40.66,1260,92,FA-PID-LSSVM,7.1,4.28,0.85,1
B0429,25.26,68.6,20.76,5.16,53.79,49.36,1455,74,Fixed-Time,14.33,7.22,2.21,1
B0430,21.76,57.09,24.63,6.49,57.17,52.93,1109,97,PID,8.6,4.59,0.9,1
B0431,22.14,62.99,22.47,4.4,59.25,56.6,1196,75,FA-PID-LSSVM,6.89,3.72,0.83,1
B0432,31.42,61.17,25.94,6.81,36.97,40.99,1377,81,FA-PID-LSSVM,6.26,3.25,0.57,1
B0433,29.27,60.21,19.69,6.25,56.44,57.05,1251,80,Fixed-Time,13.55,8.08,2.0,1
B0434,21.52,68.5,24.85,6.82,39.85,50.97,1087,85,PID,11.79,5.12,1.23,1
B0435,21.26,55.33,20.22,6.03,33.39,43.95,1487,89,FA-PID-LSSVM,7.25,3.16,1.09,1
B0436,30.51,64.96,21.34,5.09,56.1,46.35,1312,86,Fixed-Time,13.87,6.8,2.37,1
B0437,21.09,69.45,20.62,6.81,49.08,45.64,1025,89,FA-PID-LSSVM,7.39,3.5,0.97,1
B0438,32.33,63.4,20.19,4.83,34.94,50.62,1261,78,Fixed-Time,12.51,6.16,1.66,1
B0439,30.59,69.05,27.91,5.0,42.89,41.03,1143,70,FA-PID-LSSVM,7.31,3.33,0.63,1
B0440,21.22,55.78,21.43,6.1,38.62,43.17,1059,95,FA-PID-LSSVM,5.69,3.71,0.52,1
B0441,21.27,61.28,29.13,6.3,52.1,56.25,1355,72,Fixed-Time,16.62,5.74,1.91,1
B0442,34.8,58.9,29.64,6.79,43.6,42.65,1267,90,PID,9.18,5.03,1.34,1
B0443,25.61,65.96,24.86,4.61,59.68,44.67,1074,92,Fixed-Time,16.95,7.41,1.65,1
B0444,25.56,69.72,19.72,6.39,31.64,49.07,1002,78,PID,8.07,5.53,0.89,1
B0445,32.19,58.85,22.49,6.22,40.65,50.34,1062,91,FA-PID-LSSVM,6.41,3.39,1.11,1
B0446,34.21,64.81,27.57,4.19,44.46,55.27,1235,88,FA-PID-LSSVM,5.96,2.8,0.89,1
B0447,34.79,57.97,22.41,5.16,45.09,48.95,1447,82,Fixed-Time,13.94,8.21,1.82,1
B0448,31.3,63.48,19.04,4.85,39.48,55.8,1445,92,Fixed-Time,16.42,4.05,2.8,1
B0449,25.64,61.96,24.68,4.91,51.88,52.37,1228,83,PID,12.07,4.79,1.27,1
B0450,21.25,69.58,28.14,6.95,56.24,42.26,1389,89,PID,8.33,4.87,0.88,1
B0451,31.66,64.13,27.55,5.93,58.16,43.13,1274,88,PID,12.33,6.55,1.09,1
B0452,28.38,60.24,20.1,6.15,54.15,48.74,1017,99,Fixed-Time,12.45,5.69,2.13,1
B0453,26.36,56.71,26.07,6.93,55.52,47.94,1079,92,FA-PID-LSSVM,6.81,2.83,0.63,1
B0454,33.6,57.27,20.65,5.13,46.52,54.87,1214,96,Fixed-Time,15.93,7.03,1.81,1
B0455,21.67,58.38,20.62,6.41,54.78,51.61,1170,96,FA-PID-LSSVM,5.64,2.58,0.9,1
B0456,27.39,58.76,28.49,5.3,39.11,47.76,1484,76,Fixed-Time,17.41,7.31,2.31,1
B0457,20.17,67.76,21.0,6.61,41.95,43.42,1328,73,Fixed-Time,11.96,5.91,1.65,1
B0458,27.03,63.42,21.16,4.54,39.51,44.54,1254,81,PID,11.96,5.79,1.03,1
B0459,20.84,62.85,18.01,6.84,44.02,51.51,1386,92,FA-PID-LSSVM,5.77,3.7,0.45,1
B0460,21.78,56.72,28.45,4.66,38.57,48.47,1125,96,Fixed-Time,14.68,5.87,1.33,0
B0461,21.76,67.9,27.51,4.98,58.85,50.3,1254,83,Fixed-Time,11.67,8.47,1.34,1
B0462,29.74,65.84,25.53,6.27,39.39,43.41,1071,71,FA-PID-LSSVM,8.35,3.96,1.02,1
B0463,31.19,56.02,27.0,5.18,32.94,53.26,1037,70,Fixed-Time,14.64,6.21,1.24,1
B0464,28.75,65.62,19.82,5.82,45.8,57.05,1323,97,FA-PID-LSSVM,5.05,2.98,1.02,1
B0465,34.43,63.15,23.5,5.33,31.71,45.16,1203,87,PID,9.9,5.12,1.4,1
B0466,25.62,56.23,22.21,6.23,33.32,49.83,1171,89,PID,13.21,6.24,0.91,1
B0467,24.29,61.87,19.13,4.68,36.58,59.51,1222,77,FA-PID-LSSVM,5.06,4.68,1.25,1
B0468,33.03,62.27,23.83,4.18,43.93,46.66,1216,72,PID,10.78,4.3,1.49,1
B0469,23.35,57.49,29.05,4.9,43.0,51.9,1244,95,FA-PID-LSSVM,6.89,3.44,0.98,1
B0470,34.45,69.19,18.48,5.42,53.99,41.8,1335,75,Fixed-Time,14.67,5.81,1.84,1
B0471,20.18,67.75,21.5,4.5,52.18,52.12,1190,91,Fixed-Time,16.05,7.3,2.13,0
B0472,34.55,65.04,20.49,5.06,42.79,41.79,1297,82,FA-PID-LSSVM,6.49,1.81,0.71,1
B0473,20.65,61.93,20.86,5.2,40.01,59.18,1319,78,Fixed-Time,15.53,6.61,1.77,1
B0474,33.37,61.18,28.9,4.17,39.49,54.31,1181,78,PID,8.94,4.97,1.43,1
B0475,27.92,64.76,23.62,5.75,53.22,55.76,1333,89,Fixed-Time,12.49,7.15,1.8,1
B0476,34.89,63.18,23.6,6.65,31.56,54.08,1382,78,Fixed-Time,13.51,6.65,2.42,1
B0477,21.11,55.93,27.13,4.46,30.38,51.79,1204,84,FA-PID-LSSVM,5.57,2.34,0.57,1
B0478,28.31,62.69,19.85,5.79,53.87,49.0,1360,82,PID,13.29,5.24,0.98,1
B0479,34.54,67.1,23.85,5.99,44.31,57.17,1198,91,Fixed-Time,15.57,7.92,1.39,1
B0480,27.85,61.89,23.16,5.26,33.93,59.14,1331,85,Fixed-Time,19.0,7.68,2.29,1
B0481,29.44,55.78,25.16,6.1,37.07,49.98,1164,71,FA-PID-LSSVM,6.38,4.56,0.74,1
B0482,30.44,66.79,29.99,5.23,57.98,58.63,1241,95,FA-PID-LSSVM,7.96,3.26,0.67,1
B0483,26.82,58.02,27.23,5.51,55.79,51.67,1387,83,PID,13.35,5.17,1.19,1
B0484,29.41,58.88,22.77,4.02,51.29,50.77,1129,96,Fixed-Time,14.57,9.6,3.08,1
B0485,28.76,57.47,27.93,6.08,44.47,49.09,1226,75,FA-PID-LSSVM,6.74,3.5,0.86,1
B0486,33.52,59.95,20.05,5.98,45.61,44.19,1121,71,FA-PID-LSSVM,6.41,3.6,0.77,1
B0487,20.68,66.35,18.37,4.12,59.26,40.07,1043,77,FA-PID-LSSVM,6.91,3.59,0.54,1
B0488,24.21,62.79,20.45,5.1,58.97,44.83,1450,73,PID,10.56,5.37,1.24,1
B0489,34.26,58.07,22.08,6.94,36.46,50.19,1195,90,FA-PID-LSSVM,6.78,4.07,0.73,1
B0490,33.35,68.17,24.13,5.26,54.33,47.6,1357,93,PID,10.84,6.22,1.18,1
B0491,26.83,68.19,25.38,5.51,35.92,48.97,1203,83,PID,10.82,5.18,1.57,1
B0492,29.3,68.06,28.93,6.73,36.41,59.61,1466,80,Fixed-Time,13.48,8.28,1.95,1
B0493,24.16,58.58,24.12,6.15,50.28,47.01,1457,93,Fixed-Time,14.0,5.06,1.39,1
B0494,22.82,61.77,24.02,5.75,42.15,49.04,1317,97,PID,10.07,4.84,1.03,1
B0495,26.96,69.77,18.6,6.39,57.95,42.67,1256,83,Fixed-Time,13.9,5.63,2.16,1
B0496,25.3,66.58,18.42,6.59,32.67,40.96,1016,81,Fixed-Time,16.73,8.42,2.51,1
B0497,28.75,55.41,24.61,5.37,45.35,55.51,1271,85,FA-PID-LSSVM,8.87,3.25,0.66,1
B0498,21.17,55.98,23.26,5.43,57.56,51.41,1008,75,Fixed-Time,15.57,7.71,2.39,1
B0499,34.62,61.96,28.07,5.16,57.12,55.21,1248,89,PID,10.5,5.11,0.96,1
B0500,34.79,68.64,19.93,6.9,34.7,43.0,1436,70,Fixed-Time,14.96,6.34,2.12,0
B0501,30.47,63.08,18.3,6.09,41.0,51.44,1200,81,FA-PID-LSSVM,9.14,3.33,0.74,1
B0502,28.04,62.47,23.39,4.25,48.57,45.07,1058,76,PID,9.98,4.77,0.98,1
B0503,24.64,56.58,20.85,6.59,34.78,44.56,1374,77,Fixed-Time,12.95,5.63,1.61,1
B0504,32.21,64.85,18.6,5.44,59.04,40.23,1392,78,PID,13.42,4.76,1.32,1
B0505,30.27,67.33,26.7,4.21,57.44,42.61,1139,71,Fixed-Time,14.11,6.8,2.11,1
B0506,22.44,60.71,19.34,5.65,35.01,46.19,1118,86,FA-PID-LSSVM,7.04,2.61,0.55,1
B0507,33.66,66.63,25.3,5.25,33.63,42.34,1040,89,Fixed-Time,12.39,6.53,1.85,1
B0508,32.34,69.47,21.37,6.63,32.56,59.72,1398,82,PID,9.83,5.31,1.35,1
B0509,34.25,58.06,20.08,4.61,57.28,46.17,1321,74,PID,7.56,4.89,1.1,1
B0510,30.89,62.85,22.56,6.48,35.81,42.61,1330,79,PID,10.07,4.29,1.11,1
B0511,29.2,59.31,27.62,5.67,42.49,43.98,1266,81,Fixed-Time,12.18,6.67,1.14,1
B0512,26.27,66.89,22.71,4.16,43.47,51.75,1007,86,Fixed-Time,13.34,6.85,1.57,1
B0513,33.99,63.66,27.01,6.92,47.97,41.28,1182,90,Fixed-Time,15.59,6.64,2.31,1
B0514,32.99,64.52,19.51,5.54,32.15,57.25,1479,75,FA-PID-LSSVM,8.12,3.47,0.64,1
B0515,20.68,66.97,27.27,4.87,36.8,59.23,1133,72,FA-PID-LSSVM,7.38,3.85,0.83,1
B0516,20.4,60.94,20.84,5.41,57.94,44.93,1180,97,FA-PID-LSSVM,8.6,3.73,0.98,1
B0517,25.65,68.73,26.13,6.57,57.25,49.0,1403,84,PID,10.7,5.76,0.96,1
B0518,32.16,63.0,24.79,4.91,53.44,40.44,1422,76,PID,9.81,5.51,1.3,1
B0519,34.81,57.37,29.15,4.58,30.58,52.81,1354,99,PID,11.26,6.08,0.77,1
B0520,22.26,65.44,22.65,4.39,39.81,48.28,1071,75,PID,9.04,5.42,0.98,1
B0521,28.91,66.9,18.79,4.89,48.84,45.4,1497,73,PID,15.57,5.64,1.18,1
B0522,25.71,59.75,18.23,6.34,38.26,44.14,1112,88,Fixed-Time,12.97,6.52,2.02,0
B0523,34.55,67.86,27.92,5.41,57.29,53.08,1106,74,PID,12.34,5.59,1.73,1
B0524,32.63,68.59,24.3,4.68,49.02,48.32,1289,72,Fixed-Time,9.97,7.46,2.63,1
B0525,32.57,59.15,27.3,4.5,32.16,43.59,1312,95,FA-PID-LSSVM,8.55,4.18,0.95,1
B0526,27.03,69.75,20.81,5.0,57.27,53.78,1116,94,FA-PID-LSSVM,8.42,3.53,0.93,1
B0527,26.22,57.11,22.14,6.82,58.73,51.3,1119,78,FA-PID-LSSVM,6.32,3.65,1.07,1
B0528,24.1,58.03,18.36,5.03,32.33,57.17,1146,75,FA-PID-LSSVM,6.41,3.07,0.82,1
B0529,20.85,57.76,29.54,6.96,45.97,42.35,1326,82,FA-PID-LSSVM,6.77,3.82,0.71,1
B0530,32.97,68.41,26.01,5.46,39.1,55.71,1414,96,PID,13.08,4.28,1.58,1
B0531,32.19,64.81,29.2,4.54,41.79,53.47,1209,91,PID,9.35,3.9,1.27,1
B0532,35.0,57.28,21.19,6.67,35.39,42.3,1295,97,PID,10.12,4.42,0.7,1
B0533,34.95,61.6,25.34,5.38,47.34,53.9,1397,99,FA-PID-LSSVM,6.99,3.99,0.92,1
B0534,28.33,64.23,26.14,6.13,58.74,48.83,1102,89,FA-PID-LSSVM,7.06,3.74,0.79,1
B0535,31.53,56.25,21.81,6.95,45.09,58.9,1123,73,Fixed-Time,11.14,5.58,1.9,1
B0536,34.17,68.24,28.18,4.15,32.49,42.83,1244,71,PID,10.26,4.7,1.43,1
B0537,32.74,67.05,29.37,4.29,48.6,52.86,1378,95,FA-PID-LSSVM,5.72,2.96,0.84,1
B0538,23.71,62.58,28.62,6.16,40.21,47.64,1355,73,FA-PID-LSSVM,7.85,3.65,0.76,1
B0539,26.76,69.51,26.87,4.85,55.68,59.14,1208,77,FA-PID-LSSVM,6.69,4.01,0.97,1
B0540,21.94,61.27,21.33,4.55,43.04,46.6,1420,82,Fixed-Time,14.1,6.72,2.02,1
B0541,34.31,69.76,21.38,4.12,35.79,59.24,1427,79,FA-PID-LSSVM,6.84,3.14,0.67,1
B0542,29.09,65.02,29.56,4.07,35.73,58.03,1392,87,Fixed-Time,11.84,7.38,2.29,1
B0543,23.43,64.52,18.12,6.32,53.06,45.41,1313,78,Fixed-Time,14.37,6.63,2.69,1
B0544,30.08,57.49,26.59,4.4,37.97,56.07,1403,99,PID,9.65,4.77,0.59,1
B0545,29.27,68.23,26.47,5.4,53.02,59.91,1108,70,FA-PID-LSSVM,7.4,3.62,0.81,1
B0546,25.37,61.41,25.47,5.82,36.18,45.05,1376,82,Fixed-Time,12.72,6.97,1.74,1
B0547,21.7,57.43,29.88,5.29,39.65,48.74,1347,87,FA-PID-LSSVM,7.59,3.41,0.92,1
B0548,30.07,55.19,21.74,4.08,43.96,50.4,1049,84,PID,10.77,4.95,1.28,1
B0549,27.8,63.4,22.08,6.35,58.3,45.9,1403,71,PID,9.69,4.22,1.19,1
B0550,31.58,62.91,18.95,4.03,57.95,40.31,1104,80,Fixed-Time,11.42,7.6,1.98,1
B0551,27.8,65.79,23.31,6.29,36.21,44.4,1419,98,PID,10.1,5.51,0.55,1
B0552,32.78,68.35,21.13,6.68,40.75,45.64,1372,83,PID,10.41,3.99,0.84,1
B0553,28.28,56.19,22.12,5.3,34.48,48.87,1026,91,PID,10.22,6.21,1.31,1
B0554,28.41,65.97,28.01,5.61,45.3,43.42,1455,84,FA-PID-LSSVM,7.02,3.49,0.66,1
B0555,33.15,57.81,29.23,5.43,43.82,57.47,1287,83,FA-PID-LSSVM,6.46,3.71,0.52,1
B0556,26.05,67.87,20.23,5.17,57.02,54.1,1256,85,Fixed-Time,15.19,6.61,2.41,1
B0557,22.01,67.29,22.47,6.66,57.9,41.7,1272,92,Fixed-Time,11.55,7.38,1.68,1
B0558,20.43,63.11,29.14,6.68,41.51,53.0,1136,98,PID,8.04,7.08,1.38,1
B0559,31.33,65.65,18.74,5.01,44.75,53.07,1339,84,PID,13.38,5.87,0.98,1
B0560,29.3,59.72,19.11,5.85,56.89,59.12,1300,88,Fixed-Time,13.24,7.59,2.22,1
B0561,30.56,62.07,19.95,6.78,54.2,40.06,1479,96,PID,10.44,3.3,1.82,1
B0562,23.19,67.32,25.14,6.89,30.11,44.96,1321,78,Fixed-Time,14.87,6.95,1.64,1
B0563,22.05,61.89,19.81,5.53,39.6,58.56,1031,74,FA-PID-LSSVM,5.84,3.42,0.71,1
B0564,20.22,60.37,29.62,5.36,42.65,58.64,1044,74,PID,12.64,6.13,1.23,1
B0565,25.26,62.41,23.36,4.84,36.89,54.41,1264,80,PID,8.58,4.33,1.2,1
B0566,28.85,67.42,24.02,6.88,35.99,55.32,1029,97,PID,11.0,4.97,1.06,1
B0567,25.88,60.03,20.96,4.43,31.13,41.83,1083,89,FA-PID-LSSVM,6.41,3.49,0.32,1
B0568,26.56,57.61,23.65,5.74,49.3,50.28,1165,94,FA-PID-LSSVM,5.9,3.19,1.04,1
B0569,33.56,65.68,25.94,4.85,37.88,44.63,1315,93,PID,9.28,5.39,1.27,1
B0570,25.22,67.39,27.01,4.84,31.57,43.62,1000,97,Fixed-Time,16.6,8.26,1.97,1
B0571,27.71,56.51,27.05,5.21,36.93,56.21,1248,73,FA-PID-LSSVM,6.65,3.39,0.98,1
B0572,31.75,58.6,24.93,7.0,54.06,42.7,1260,89,PID,9.35,5.55,1.35,1
B0573,25.95,57.13,28.85,4.16,55.54,49.37,1062,87,PID,10.87,6.97,0.96,1
B0574,29.33,60.22,27.81,5.74,44.49,58.77,1482,94,FA-PID-LSSVM,8.54,3.74,0.98,1
B0575,32.94,61.76,27.08,4.25,42.48,43.72,1163,72,Fixed-Time,14.68,8.88,1.84,1
B0576,34.24,66.23,18.67,4.46,59.34,59.56,1320,73,PID,11.25,5.22,1.66,1
B0577,22.21,64.77,18.08,5.32,36.02,59.89,1333,83,Fixed-Time,13.38,7.79,2.42,1
B0578,33.9,64.31,20.55,5.53,36.46,51.11,1200,76,Fixed-Time,13.43,4.92,2.1,1
B0579,27.38,60.29,25.96,4.78,38.76,43.4,1221,95,FA-PID-LSSVM,6.18,3.67,0.86,1
B0580,23.87,67.62,22.93,4.95,35.18,46.32,1151,77,PID,11.09,5.7,0.91,1
B0581,26.89,62.07,22.83,4.26,41.38,48.49,1131,93,PID,8.67,5.55,1.01,1
B0582,34.7,69.69,28.62,4.91,57.33,46.19,1113,85,Fixed-Time,10.86,7.97,2.7,1
B0583,27.39,64.51,28.75,6.9,48.46,45.61,1461,89,FA-PID-LSSVM,7.75,3.89,1.06,1
B0584,24.93,56.89,28.91,6.83,42.36,59.44,1216,84,FA-PID-LSSVM,7.52,3.89,0.73,1
B0585,29.5,65.14,21.77,5.0,58.03,43.07,1195,76,FA-PID-LSSVM,8.16,3.71,0.5,1
B0586,23.6,59.88,26.29,5.71,31.45,54.67,1280,95,Fixed-Time,14.49,4.83,2.36,1
B0587,21.14,65.29,21.26,6.73,36.31,40.01,1201,86,Fixed-Time,16.51,6.91,2.59,1
B0588,21.93,56.04,20.29,4.02,46.98,51.92,1482,91,PID,12.2,4.77,1.53,1
B0589,21.92,57.62,20.22,6.43,48.47,58.32,1134,91,FA-PID-LSSVM,5.88,3.55,0.57,1
B0590,22.28,67.84,22.11,6.85,31.19,45.76,1233,91,Fixed-Time,14.25,9.02,2.36,1
B0591,22.08,58.41,23.16,4.27,42.09,43.71,1140,81,FA-PID-LSSVM,8.07,3.5,0.84,1
B0592,29.61,67.56,27.97,4.48,49.47,53.03,1195,87,Fixed-Time,13.5,7.57,1.66,1
B0593,22.73,59.19,19.44,6.88,50.94,54.25,1497,93,PID,10.61,6.06,1.26,1
B0594,25.19,64.64,26.82,5.61,49.14,53.76,1042,83,FA-PID-LSSVM,6.72,3.26,0.6,1
B0595,33.45,65.41,24.38,4.04,39.62,46.39,1056,84,Fixed-Time,16.19,6.57,2.26,1
B0596,27.11,62.69,21.46,4.77,32.81,45.04,1419,84,FA-PID-LSSVM,6.47,3.2,0.61,1
B0597,30.01,59.58,23.91,5.35,42.81,59.12,1141,74,Fixed-Time,13.38,6.03,2.28,1
B0598,22.58,58.19,21.6,6.08,33.86,58.47,1209,85,Fixed-Time,11.68,7.02,1.86,1
B0599,22.88,55.5,25.15,6.2,58.43,49.15,1071,74,Fixed-Time,14.03,7.87,1.18,1
B0600,20.61,59.56,23.21,6.99,44.26,56.92,1223,71,FA-PID-LSSVM,9.52,3.44,0.68,1
B0601,22.53,64.8,19.97,4.86,39.52,49.05,1026,89,Fixed-Time,14.15,6.36,2.17,0
B0602,24.18,69.07,19.4,5.61,52.99,48.49,1127,97,PID,7.64,4.84,0.88,1
B0603,22.66,68.07,24.56,5.6,44.94,43.14,1105,94,FA-PID-LSSVM,6.2,3.61,0.54,1
B0604,21.33,66.49,28.83,5.22,39.3,48.53,1164,78,PID,9.38,5.75,1.98,1
B0605,21.81,66.83,22.13,4.51,54.36,50.75,1214,91,PID,11.22,4.56,1.09,1
B0606,26.91,64.97,26.8,6.93,56.01,40.45,1070,96,FA-PID-LSSVM,7.03,3.33,0.98,1
B0607,23.1,58.9,25.9,6.56,50.19,48.88,1203,78,Fixed-Time,14.43,7.91,1.84,0
B0608,25.46,68.61,29.18,5.49,31.41,55.63,1152,73,PID,12.49,4.15,0.51,1
B0609,27.55,65.06,27.85,5.81,46.99,53.6,1066,84,FA-PID-LSSVM,6.05,3.56,0.83,1
B0610,30.36,63.41,24.8,4.68,52.9,52.7,1089,80,Fixed-Time,11.18,4.62,2.74,1
B0611,20.59,56.66,25.88,5.63,34.1,58.19,1259,70,FA-PID-LSSVM,9.43,3.68,1.0,1
B0612,31.99,61.71,28.78,6.08,36.86,40.36,1361,87,FA-PID-LSSVM,7.18,3.48,0.75,1
B0613,29.42,61.91,22.79,5.55,56.47,51.14,1227,98,FA-PID-LSSVM,6.79,3.8,0.87,1
B0614,21.23,67.97,21.92,6.97,30.6,55.75,1078,70,Fixed-Time,13.94,8.51,0.52,1
B0615,33.1,63.2,18.13,5.83,52.58,50.83,1095,77,PID,9.17,5.93,1.2,1
B0616,33.81,60.71,27.92,5.11,44.21,46.48,1348,94,PID,9.95,4.16,1.83,1
B0617,20.92,69.65,27.61,6.32,43.4,42.73,1329,85,FA-PID-LSSVM,7.74,3.92,0.63,1
B0618,24.15,56.66,19.25,4.51,30.21,57.75,1468,95,FA-PID-LSSVM,7.08,3.46,0.96,1
B0619,32.09,61.34,24.92,5.15,54.58,49.42,1381,97,Fixed-Time,16.72,5.57,1.46,1
B0620,31.22,55.63,23.57,5.04,40.79,57.56,1245,91,FA-PID-LSSVM,7.65,3.06,0.68,1
B0621,22.77,66.1,19.42,5.3,46.22,51.72,1271,87,FA-PID-LSSVM,8.55,3.19,0.82,1
B0622,23.14,68.77,29.77,6.35,50.32,53.48,1494,91,FA-PID-LSSVM,6.25,3.92,0.69,1
B0623,25.56,59.2,20.58,5.45,51.08,56.09,1402,78,PID,10.35,3.99,0.72,1
B0624,27.27,67.88,18.81,6.38,58.68,53.18,1156,81,FA-PID-LSSVM,7.01,2.84,1.22,1
B0625,29.27,59.38,25.14,5.73,45.94,47.96,1115,88,PID,7.41,4.65,1.21,1
B0626,25.53,68.66,26.87,5.03,41.99,50.27,1434,94,Fixed-Time,13.27,5.9,1.52,1
B0627,26.94,66.31,18.39,6.43,58.61,56.06,1017,87,Fixed-Time,14.05,5.89,2.49,1
B0628,31.21,67.07,25.9,4.71,49.26,47.47,1441,96,PID,12.68,6.09,0.36,1
B0629,20.55,55.27,24.39,4.67,38.94,47.76,1171,74,PID,10.04,6.23,1.03,1
B0630,23.79,69.44,19.24,5.51,33.79,41.91,1015,96,PID,13.14,6.36,1.06,1
B0631,30.7,65.9,20.07,4.78,55.28,58.29,1448,71,PID,9.75,4.49,1.01,1
B0632,33.43,59.57,24.82,4.03,40.87,41.82,1239,76,FA-PID-LSSVM,5.77,3.71,0.51,1
B0633,27.68,67.44,21.56,5.94,49.81,52.96,1385,96,PID,11.41,5.72,0.7,1
B0634,27.98,59.22,29.26,5.53,44.12,48.26,1055,79,PID,12.82,5.64,1.42,1
B0635,21.61,68.09,27.82,5.34,35.97,48.11,1078,84,PID,9.36,5.72,1.54,1
B0636,26.71,56.69,29.8,6.9,48.05,53.59,1102,94,FA-PID-LSSVM,6.9,4.5,0.81,1
B0637,27.99,65.56,21.12,5.71,31.82,41.34,1283,76,FA-PID-LSSVM,8.14,3.65,0.92,1
B0638,23.64,63.11,29.64,6.59,42.4,51.87,1192,97,FA-PID-LSSVM,5.33,3.69,0.65,1
B0639,24.04,56.45,23.17,4.42,46.4,55.44,1004,74,Fixed-Time,12.31,8.74,1.89,0
B0640,25.66,58.63,22.17,5.71,43.08,56.56,1105,84,FA-PID-LSSVM,6.0,2.6,0.54,1
B0641,20.3,55.19,18.6,6.6,52.46,43.41,1277,89,PID,11.78,5.81,1.11,1
B0642,24.83,62.03,18.63,5.75,54.84,57.95,1372,97,FA-PID-LSSVM,7.06,3.6,0.89,1
B0643,23.17,59.52,26.3,6.15,53.14,53.12,1099,89,FA-PID-LSSVM,7.35,2.83,0.31,1
B0644,24.91,63.98,23.5,5.12,31.16,57.64,1237,84,PID,8.97,5.13,1.49,1
B0645,21.8,59.46,20.72,4.28,35.82,49.71,1268,79,FA-PID-LSSVM,7.23,3.77,0.62,1
B0646,33.36,59.5,25.37,5.37,46.1,50.84,1320,93,Fixed-Time,13.86,7.07,1.62,0
B0647,28.9,66.15,21.03,5.18,58.04,58.38,1399,95,FA-PID-LSSVM,6.98,3.44,0.78,1
B0648,30.19,55.72,24.93,6.6,55.05,58.0,1488,98,Fixed-Time,13.77,7.87,2.3,1
B0649,31.84,68.54,22.31,4.73,55.28,48.96,1085,95,Fixed-Time,12.96,7.01,1.95,1
B0650,27.48,67.78,27.88,6.9,39.1,45.49,1319,83,Fixed-Time,13.62,7.65,2.74,1
B0651,21.3,65.02,27.85,6.87,42.88,47.86,1031,95,PID,10.91,4.97,1.6,1
B0652,28.06,63.9,23.73,4.74,44.12,47.76,1335,95,FA-PID-LSSVM,6.22,4.36,0.82,1
B0653,28.8,68.38,22.21,5.04,34.72,45.74,1050,79,Fixed-Time,16.01,10.07,2.09,1
B0654,31.18,57.78,22.35,6.69,30.93,45.37,1078,86,Fixed-Time,13.81,6.81,1.48,0
B0655,26.47,56.18,27.67,6.9,58.41,57.22,1185,90,FA-PID-LSSVM,9.89,3.56,0.69,1
B0656,21.91,58.59,21.94,5.33,37.22,41.4,1173,83,PID,10.19,4.94,1.51,1
B0657,24.26,66.92,20.51,4.96,37.2,53.55,1435,71,PID,10.36,6.46,1.11,1
B0658,25.45,55.52,19.02,5.58,32.5,43.46,1105,85,Fixed-Time,13.5,6.1,1.81,1
B0659,29.69,63.74,23.6,6.06,57.86,46.89,1062,82,PID,10.38,4.79,0.65,1
B0660,28.56,69.93,23.79,4.82,47.39,41.23,1075,96,FA-PID-LSSVM,6.56,2.93,0.85,1
B0661,25.34,67.84,28.09,6.21,50.01,45.4,1315,78,PID,9.52,6.08,1.68,1
B0662,34.8,62.82,20.65,4.15,57.35,55.37,1320,76,FA-PID-LSSVM,7.68,2.72,1.1,1
B0663,29.09,55.95,22.57,4.15,40.37,57.7,1372,85,Fixed-Time,17.15,7.02,2.66,1
B0664,23.56,67.47,27.7,5.16,48.65,44.43,1080,79,FA-PID-LSSVM,6.45,3.04,0.45,1
B0665,21.53,63.98,27.88,5.06,31.16,49.27,1360,93,Fixed-Time,11.06,6.96,2.84,1
B0666,22.29,56.72,22.62,4.95,35.6,49.41,1127,91,FA-PID-LSSVM,9.2,4.04,0.97,1
B0667,23.69,56.41,23.51,5.47,54.94,57.47,1182,78,FA-PID-LSSVM,6.19,2.87,0.74,1
B0668,22.41,68.64,21.64,4.96,53.0,55.26,1242,91,PID,12.85,5.73,1.41,1
B0669,22.8,65.04,29.19,4.58,40.52,50.26,1184,92,FA-PID-LSSVM,7.89,3.71,0.82,1
B0670,24.28,67.44,19.42,4.93,41.3,53.41,1497,76,Fixed-Time,15.32,6.45,1.29,1
B0671,22.6,68.18,29.2,6.92,46.01,56.95,1219,85,FA-PID-LSSVM,5.94,3.75,0.83,1
B0672,33.45,63.58,26.21,5.23,30.01,40.19,1070,78,Fixed-Time,13.35,7.0,1.16,1
B0673,21.2,62.76,24.38,5.33,37.24,48.06,1456,96,Fixed-Time,12.36,7.12,1.72,1
B0674,27.87,61.46,18.39,5.73,36.25,58.14,1341,93,FA-PID-LSSVM,6.38,3.59,1.37,1
B0675,26.16,59.75,23.71,6.95,37.51,54.81,1153,98,PID,12.15,5.18,1.21,1
B0676,34.74,61.52,22.89,4.72,54.18,50.86,1244,86,FA-PID-LSSVM,8.2,3.05,0.92,1
B0677,21.68,66.61,19.93,6.04,38.39,50.59,1139,89,FA-PID-LSSVM,5.88,3.96,0.74,1
B0678,25.97,64.03,25.88,6.15,35.75,46.96,1070,76,PID,10.8,4.98,1.41,1
B0679,34.54,68.39,29.65,5.82,45.13,50.41,1045,80,Fixed-Time,13.65,9.16,2.71,1
B0680,32.98,61.65,24.75,4.27,55.97,53.11,1046,77,FA-PID-LSSVM,5.7,4.12,0.89,1
B0681,32.26,64.11,26.58,6.03,37.24,48.37,1078,76,PID,9.65,3.51,1.13,1
B0682,23.87,64.47,18.82,4.19,32.36,54.28,1421,97,PID,12.04,4.96,1.21,1
B0683,22.56,63.88,23.01,5.79,40.69,57.22,1148,88,Fixed-Time,14.84,5.98,2.31,0
B0684,30.03,65.54,19.4,6.22,52.43,43.09,1397,89,PID,12.96,3.73,0.97,1
B0685,33.94,58.56,25.35,4.63,46.52,49.03,1129,81,Fixed-Time,16.19,6.99,1.97,1
B0686,28.35,62.69,29.26,6.52,54.5,48.16,1455,76,FA-PID-LSSVM,7.05,4.34,0.76,1
B0687,28.57,56.56,25.94,4.09,58.79,53.75,1126,77,PID,11.11,4.6,1.09,1
B0688,24.2,60.77,18.92,6.53,53.78,45.0,1364,76,FA-PID-LSSVM,5.47,3.4,0.74,1
B0689,31.54,62.32,22.26,5.38,48.11,52.81,1118,75,PID,10.95,4.78,1.23,1
B0690,22.81,64.78,24.61,4.65,44.8,57.55,1453,94,PID,10.0,5.0,1.22,1
B0691,24.86,69.26,22.84,4.4,31.2,48.36,1484,78,FA-PID-LSSVM,7.04,3.88,0.78,1
B0692,26.38,64.01,28.0,6.86,59.53,58.22,1356,96,PID,9.98,5.11,0.99,1
B0693,27.61,66.15,27.78,4.22,41.5,59.86,1416,82,FA-PID-LSSVM,6.64,4.52,0.62,1
B0694,23.64,62.59,25.34,4.6,34.57,42.12,1488,76,FA-PID-LSSVM,6.72,3.31,0.75,1
B0695,21.72,64.51,22.48,5.04,50.0,44.66,1261,77,Fixed-Time,13.34,7.28,1.14,1
B0696,29.16,56.06,21.06,5.86,38.53,59.01,1243,91,FA-PID-LSSVM,8.04,3.17,1.22,1
B0697,24.33,58.82,19.27,5.63,47.57,59.17,1473,86,Fixed-Time,17.1,5.33,1.04,1
B0698,28.72,60.43,22.26,4.38,47.6,41.95,1381,86,FA-PID-LSSVM,6.91,3.16,0.79,1
B0699,22.32,62.09,22.96,4.87,43.37,40.3,1102,85,PID,10.88,4.26,1.16,1
B0700,27.22,55.68,26.11,4.72,55.08,43.22,1488,91,FA-PID-LSSVM,6.28,2.95,0.85,1
B0701,27.99,57.1,25.9,4.64,37.95,59.92,1036,71,PID,11.66,5.88,1.37,1
B0702,20.78,59.15,18.84,5.23,43.46,43.6,1141,99,Fixed-Time,13.01,7.71,2.15,0
B0703,25.05,69.57,22.74,6.11,46.13,50.05,1036,77,PID,12.58,6.71,1.2,1
B0704,22.02,59.97,20.18,4.65,49.91,56.97,1007,86,FA-PID-LSSVM,6.46,2.89,0.89,1
B0705,20.95,62.23,19.88,5.1,53.52,40.41,1230,82,PID,11.75,4.24,1.54,1
B0706,34.85,57.94,27.93,5.17,41.84,52.09,1332,87,Fixed-Time,13.8,5.74,1.58,1
B0707,24.84,64.16,18.5,6.93,49.38,45.54,1396,93,PID,9.94,5.45,1.44,1
B0708,32.15,59.21,23.03,6.86,34.52,57.25,1295,97,PID,9.64,4.77,1.7,1
B0709,23.82,58.1,20.02,6.4,57.98,45.67,1106,91,FA-PID-LSSVM,7.98,3.9,0.96,1
B0710,30.22,62.75,28.55,4.72,41.49,53.74,1347,97,FA-PID-LSSVM,7.46,4.51,0.81,1
B0711,31.4,55.08,24.68,4.2,51.89,53.48,1441,79,PID,11.37,4.16,0.95,1
B0712,28.93,55.11,20.78,4.95,30.61,44.43,1017,71,Fixed-Time,11.6,8.27,0.72,1
B0713,27.07,58.29,24.03,4.8,36.16,40.7,1312,71,PID,7.64,5.2,1.31,1
B0714,26.18,55.55,26.78,5.52,44.61,48.18,1082,96,Fixed-Time,11.37,6.45,2.24,0
B0715,25.23,56.62,29.5,6.33,56.35,45.78,1421,83,Fixed-Time,12.33,8.07,2.01,1
B0716,33.94,60.08,20.65,6.57,45.82,56.18,1287,85,Fixed-Time,14.08,7.21,1.08,0
B0717,32.46,67.04,28.63,6.53,57.9,56.01,1469,76,PID,10.62,6.41,1.32,1
B0718,34.48,63.58,29.21,5.08,44.51,49.14,1193,90,Fixed-Time,8.58,7.26,1.27,1
B0719,21.86,62.69,29.0,6.06,44.71,52.13,1460,90,PID,10.21,4.97,0.96,1
B0720,30.96,59.4,25.62,4.94,33.59,52.09,1214,93,Fixed-Time,12.36,8.16,1.78,1
B0721,34.08,68.98,25.56,4.18,54.08,56.54,1280,81,Fixed-Time,14.41,5.59,2.18,1
B0722,22.72,60.96,22.84,6.1,37.41,48.5,1219,97,PID,13.86,5.21,0.78,1
B0723,21.0,56.31,27.03,4.03,56.99,45.51,1441,92,FA-PID-LSSVM,8.3,3.28,0.7,1
B0724,31.12,64.26,24.38,5.23,57.32,45.3,1458,97,FA-PID-LSSVM,7.38,4.07,0.82,1
B0725,28.62,56.71,26.13,4.99,58.3,50.72,1288,83,PID,10.56,4.73,1.54,1
B0726,32.63,60.18,23.14,6.08,45.61,48.98,1343,94,PID,10.68,5.08,1.1,1
B0727,22.1,62.61,26.78,6.3,50.31,48.8,1193,73,FA-PID-LSSVM,8.03,3.37,1.01,1
B0728,31.93,68.11,27.89,4.91,53.36,41.82,1157,95,FA-PID-LSSVM,6.53,3.86,0.84,1
B0729,23.02,62.4,19.76,6.43,33.93,54.37,1464,73,FA-PID-LSSVM,6.05,3.46,0.36,1
B0730,22.45,65.53,28.0,4.88,48.03,44.27,1103,87,PID,9.38,4.07,1.8,1
B0731,22.46,69.89,24.48,5.34,31.03,43.94,1033,72,Fixed-Time,10.87,9.59,2.26,1
B0732,32.22,56.97,28.14,6.18,44.93,48.26,1101,70,PID,9.72,4.77,1.45,1
B0733,29.98,59.12,23.18,6.08,34.65,44.56,1126,86,FA-PID-LSSVM,7.02,3.24,0.92,1
B0734,27.85,60.92,22.55,6.96,35.49,51.68,1213,76,Fixed-Time,12.55,7.64,2.11,1
B0735,25.38,61.33,28.98,4.68,40.95,47.43,1324,99,PID,11.25,4.85,1.62,1
B0736,33.16,61.17,21.01,5.99,42.97,48.98,1431,85,FA-PID-LSSVM,8.16,3.63,1.04,1
B0737,25.89,68.61,28.13,5.83,48.7,50.74,1295,99,PID,13.78,4.84,0.93,1
B0738,32.25,65.71,23.81,6.75,32.23,44.07,1178,74,Fixed-Time,12.85,5.65,2.3,0
B0739,26.59,64.12,24.17,4.47,45.11,43.12,1079,88,FA-PID-LSSVM,8.31,3.14,0.75,1
B0740,25.65,59.64,21.7,6.26,35.48,57.61,1140,76,PID,7.0,6.55,0.88,1
B0741,26.94,67.36,24.88,5.7,47.22,48.67,1473,83,Fixed-Time,14.65,6.9,1.95,1
B0742,24.52,69.33,21.9,4.82,49.12,48.24,1030,71,Fixed-Time,15.62,7.87,2.53,1
B0743,31.21,67.32,18.47,5.42,46.7,40.71,1371,72,PID,12.03,4.9,1.52,1
B0744,27.54,55.02,21.26,5.0,52.15,49.96,1422,86,Fixed-Time,16.22,8.08,1.67,1
B0745,23.48,64.55,18.08,5.74,40.07,51.08,1062,85,FA-PID-LSSVM,7.57,2.86,0.49,1
B0746,33.49,55.77,29.74,6.67,52.95,51.18,1047,77,Fixed-Time,13.76,8.54,1.41,0
B0747,25.76,58.86,29.59,5.71,42.98,54.14,1086,87,PID,11.51,5.37,1.3,1
B0748,28.15,55.89,22.74,5.9,44.53,43.55,1303,84,FA-PID-LSSVM,6.66,3.75,1.1,1
B0749,33.6,64.06,26.74,5.56,49.44,45.04,1060,76,Fixed-Time,15.41,7.81,2.15,1
B0750,29.36,65.3,22.15,4.15,30.55,56.21,1395,96,Fixed-Time,10.99,6.3,1.99,1
B0751,21.75,56.72,26.05,4.7,49.62,58.94,1333,78,FA-PID-LSSVM,8.68,3.86,1.05,1
B0752,34.1,60.76,27.67,5.48,48.56,42.72,1439,75,FA-PID-LSSVM,7.09,3.1,0.79,1
B0753,29.42,61.84,29.36,4.93,39.3,49.95,1273,87,Fixed-Time,12.39,8.56,2.4,1
B0754,25.02,60.54,22.8,4.55,32.57,44.28,1410,87,FA-PID-LSSVM,7.52,2.76,0.87,1
B0755,22.09,56.82,27.4,5.51,32.73,41.2,1283,94,PID,13.83,5.12,1.14,1
B0756,31.91,61.28,21.19,4.97,57.7,46.51,1465,95,Fixed-Time,15.44,7.52,2.71,1
B0757,29.3,66.27,29.88,4.77,50.68,42.87,1079,93,PID,8.05,4.56,1.16,1
B0758,28.0,56.07,18.31,5.39,33.81,54.2,1179,83,Fixed-Time,16.22,7.46,1.42,1
B0759,33.41,56.2,25.24,4.4,40.7,50.67,1271,83,PID,9.63,5.24,1.49,1
B0760,31.83,60.32,25.91,6.78,47.77,42.88,1076,83,PID,11.17,5.85,1.36,1
B0761,22.28,69.13,26.26,6.6,55.07,40.18,1441,94,FA-PID-LSSVM,7.22,3.42,0.56,1
B0762,24.68,65.03,19.44,6.12,31.31,56.16,1220,73,Fixed-Time,15.38,6.78,1.18,1
B0763,23.73,65.18,29.26,4.32,37.1,43.52,1392,73,FA-PID-LSSVM,7.29,3.35,0.98,1
B0764,31.16,60.43,20.17,6.33,56.69,52.12,1281,84,FA-PID-LSSVM,6.39,3.43,0.96,1
B0765,20.5,63.9,25.47,6.42,30.27,46.74,1027,84,Fixed-Time,16.35,6.48,2.98,1
B0766,28.55,55.15,20.67,6.3,36.04,51.71,1360,87,PID,10.97,5.41,1.14,1
B0767,31.44,64.54,21.69,4.34,58.77,46.31,1076,83,Fixed-Time,15.69,6.1,1.51,1
B0768,33.15,68.7,24.56,5.93,48.4,41.74,1163,95,Fixed-Time,11.69,7.37,2.8,1
B0769,25.13,64.19,23.01,6.5,37.85,44.46,1008,70,Fixed-Time,16.2,5.89,1.69,1
B0770,32.32,68.11,19.92,5.73,32.01,43.76,1174,79,FA-PID-LSSVM,7.45,2.4,0.75,1
B0771,21.66,65.86,20.05,5.94,30.85,48.56,1461,98,Fixed-Time,16.36,5.88,2.35,1
B0772,32.7,56.81,23.02,5.38,37.34,53.17,1306,89,Fixed-Time,12.1,9.01,2.59,0
B0773,21.91,68.54,27.09,5.59,56.44,45.28,1075,79,Fixed-Time,13.17,7.71,2.12,1
B0774,25.96,56.0,28.78,4.1,42.48,40.24,1244,79,PID,10.58,4.94,1.71,1
B0775,31.96,63.01,19.01,5.92,51.61,50.38,1121,96,PID,10.58,4.33,0.9,1
B0776,22.25,57.13,22.72,4.24,57.55,52.12,1184,93,PID,13.92,4.93,0.58,1
B0777,23.44,55.18,19.2,5.31,42.24,59.26,1031,71,PID,9.6,3.88,1.48,1
B0778,30.83,61.33,18.2,4.88,35.74,51.79,1485,98,FA-PID-LSSVM,5.05,2.8,0.8,1
B0779,30.8,59.43,25.94,5.64,45.51,49.42,1450,97,FA-PID-LSSVM,8.11,3.47,0.55,1
B0780,29.62,62.29,25.23,4.4,57.24,51.47,1249,96,Fixed-Time,14.37,6.53,2.57,1
B0781,30.41,63.66,19.96,6.07,54.13,58.56,1056,77,FA-PID-LSSVM,7.45,4.04,0.85,1
B0782,28.14,55.66,20.81,6.39,31.97,56.57,1309,70,PID,11.7,5.78,1.35,1
B0783,23.78,56.85,18.28,4.49,50.78,46.46,1371,70,Fixed-Time,12.68,7.17,1.58,1
B0784,25.19,63.38,28.02,4.31,47.16,44.75,1143,73,Fixed-Time,14.03,7.6,2.03,0
B0785,22.72,60.15,29.7,4.44,57.22,45.25,1317,76,PID,8.54,5.61,1.64,1
B0786,33.63,65.94,19.63,6.63,33.67,50.09,1083,78,PID,11.64,5.87,1.38,1
B0787,28.75,64.78,20.78,5.58,46.02,54.88,1479,85,PID,12.45,4.43,0.78,1
B0788,26.01,67.68,28.42,5.4,56.38,50.06,1055,74,FA-PID-LSSVM,6.99,2.42,1.05,1
B0789,26.93,65.39,29.12,4.32,42.3,41.36,1278,71,Fixed-Time,16.44,6.57,1.81,0
B0790,34.21,61.45,23.04,5.95,44.46,54.47,1272,97,PID,10.39,4.48,1.63,1
B0791,22.3,65.09,18.61,6.6,32.11,56.12,1463,92,Fixed-Time,14.36,7.48,2.23,1
B0792,28.79,59.13,18.47,6.48,38.34,45.79,1165,80,Fixed-Time,15.18,5.64,1.95,1
B0793,27.59,59.59,24.89,5.88,39.74,53.28,1455,87,FA-PID-LSSVM,7.31,3.61,0.75,1
B0794,29.17,66.83,22.71,4.23,58.35,48.53,1466,94,Fixed-Time,17.51,6.36,0.89,1
B0795,20.27,61.7,18.34,4.34,38.48,57.78,1157,94,PID,12.01,4.96,0.87,1
B0796,33.08,66.98,25.0,4.15,43.83,56.9,1248,88,PID,10.65,5.74,1.48,1
B0797,33.98,67.34,18.14,4.77,50.14,50.51,1185,82,Fixed-Time,17.12,9.95,2.13,1
B0798,28.48,67.86,27.45,4.41,34.87,53.83,1481,93,Fixed-Time,12.67,6.75,1.79,1
B0799,30.45,68.75,21.68,4.78,44.59,57.67,1077,80,FA-PID-LSSVM,7.93,2.85,1.27,1
B0800,33.84,61.46,18.48,5.16,52.16,49.91,1021,89,PID,11.78,3.99,0.99,1
B0801,30.61,59.78,25.06,6.83,56.01,46.27,1107,88,PID,11.72,6.13,0.82,1
B0802,22.29,63.73,22.77,5.83,48.79,55.07,1272,86,Fixed-Time,15.43,5.05,1.96,0
B0803,28.64,60.57,29.69,6.5,50.07,44.4,1251,74,Fixed-Time,13.64,6.47,2.03,1
B0804,29.1,64.02,24.53,6.13,33.79,47.77,1014,82,Fixed-Time,15.79,6.4,2.31,1
B0805,26.36,65.58,21.3,4.34,58.37,57.31,1369,99,PID,10.63,4.06,0.93,1
B0806,31.05,65.33,26.51,6.21,33.98,54.49,1303,96,Fixed-Time,13.08,8.06,1.93,1
B0807,34.02,60.62,21.26,4.83,53.24,48.08,1159,89,FA-PID-LSSVM,6.78,3.63,0.85,1
B0808,33.88,57.5,28.85,5.92,37.94,44.29,1204,70,FA-PID-LSSVM,5.8,4.53,0.71,1
B0809,26.76,61.46,22.5,5.02,58.01,47.12,1468,79,Fixed-Time,15.31,7.77,1.93,1
B0810,21.7,57.14,24.6,6.99,51.6,45.68,1112,77,FA-PID-LSSVM,7.61,3.01,0.83,1
B0811,34.77,68.35,18.61,4.79,52.61,43.52,1167,93,FA-PID-LSSVM,6.07,3.16,0.62,1
B0812,32.58,60.19,23.11,4.84,36.57,54.87,1352,98,FA-PID-LSSVM,6.76,3.54,0.76,1
B0813,21.87,57.32,27.99,6.79,43.29,45.04,1252,77,FA-PID-LSSVM,8.53,3.91,0.64,1
B0814,33.81,55.38,27.67,4.07,48.53,49.08,1440,88,FA-PID-LSSVM,7.33,3.15,0.72,1
B0815,33.05,64.69,20.69,6.09,53.1,47.72,1185,75,PID,11.22,5.75,1.02,1
B0816,27.78,64.55,20.71,6.18,33.12,59.64,1346,81,Fixed-Time,11.79,7.09,2.22,1
B0817,28.87,60.11,27.81,6.51,58.87,47.82,1226,97,FA-PID-LSSVM,6.16,3.16,0.94,1
B0818,25.99,56.08,29.16,6.92,56.71,41.6,1015,76,Fixed-Time,16.08,7.55,2.95,1
B0819,20.82,61.14,19.14,6.93,38.11,41.8,1155,85,FA-PID-LSSVM,6.1,3.96,0.98,1
B0820,25.03,59.67,23.4,4.2,54.68,51.82,1353,78,PID,9.98,5.59,0.64,1
B0821,32.04,65.16,22.05,6.47,45.55,51.99,1110,90,PID,7.64,3.96,1.32,1
B0822,20.07,64.09,28.45,5.94,43.85,48.38,1000,94,FA-PID-LSSVM,7.44,3.36,1.14,1
B0823,25.0,60.47,19.0,5.94,39.43,48.64,1040,91,FA-PID-LSSVM,7.99,2.7,0.77,1
B0824,25.97,58.27,20.53,4.39,47.43,41.08,1047,79,FA-PID-LSSVM,6.06,3.71,0.79,1
B0825,28.06,69.82,27.03,5.95,51.9,50.33,1414,79,PID,9.18,6.52,1.22,1
B0826,33.8,61.81,18.62,6.95,42.33,50.09,1419,79,PID,9.88,5.06,1.69,1
B0827,25.2,65.32,23.91,6.74,48.88,42.99,1107,89,Fixed-Time,15.82,6.84,1.5,1
B0828,25.2,57.11,23.31,5.32,50.98,42.08,1160,98,PID,9.25,5.62,1.34,1
B0829,31.06,62.28,22.01,4.12,51.33,42.47,1160,85,FA-PID-LSSVM,6.62,3.34,0.65,1
B0830,26.78,55.41,22.73,5.09,31.56,42.02,1358,70,Fixed-Time,15.54,6.08,2.43,1
B0831,23.37,62.58,24.36,6.48,55.79,52.19,1127,86,PID,8.28,4.56,1.19,1
B0832,26.79,69.46,19.94,6.1,43.75,43.93,1209,99,PID,9.01,6.37,0.92,1
B0833,22.11,60.76,24.86,5.38,37.87,45.03,1150,95,FA-PID-LSSVM,7.18,4.16,0.82,1
B0834,22.65,55.58,27.67,4.17,37.25,43.47,1443,90,Fixed-Time,13.27,7.15,1.72,1
B0835,27.48,55.46,27.12,5.28,44.49,59.16,1254,98,PID,11.28,4.88,1.42,1
B0836,26.28,60.82,19.85,5.41,56.6,57.09,1470,83,PID,7.97,5.06,1.38,1
B0837,33.72,57.4,19.79,6.79,41.35,44.61,1462,88,FA-PID-LSSVM,7.74,3.83,0.86,1
B0838,25.44,55.35,21.22,5.92,52.49,46.55,1217,90,Fixed-Time,13.61,7.54,1.52,1
B0839,28.71,66.34,22.33,4.93,32.9,44.2,1029,90,Fixed-Time,13.54,6.55,2.59,1
B0840,29.48,61.88,22.9,5.58,44.28,49.84,1472,86,Fixed-Time,14.14,6.92,3.19,1
B0841,20.2,59.34,26.16,4.2,59.75,40.39,1044,83,Fixed-Time,13.54,6.04,1.04,0
B0842,29.95,68.5,18.68,6.92,53.11,53.43,1079,77,FA-PID-LSSVM,5.41,4.11,1.24,1
B0843,22.67,56.74,18.42,5.08,36.32,50.46,1038,90,PID,12.5,4.67,0.99,1
B0844,34.42,69.34,22.7,5.43,45.04,57.97,1239,90,PID,10.26,6.59,1.15,1
B0845,22.23,59.71,26.37,5.07,37.01,43.29,1044,78,Fixed-Time,11.34,6.5,2.38,1
B0846,26.22,68.33,20.32,6.05,42.29,56.08,1077,77,Fixed-Time,15.38,7.12,0.82,1
B0847,21.28,64.04,25.7,5.99,53.4,55.84,1336,82,Fixed-Time,15.72,6.17,1.58,1
B0848,34.95,67.4,21.12,6.15,53.14,42.54,1395,86,PID,7.7,5.59,1.27,1
B0849,27.53,69.76,28.63,4.8,36.84,47.97,1348,88,PID,9.98,6.79,1.39,1
B0850,28.93,59.33,28.75,4.95,57.67,43.4,1287,97,Fixed-Time,16.45,6.95,1.73,1
B0851,21.01,69.42,21.57,4.38,47.78,45.09,1439,76,FA-PID-LSSVM,6.05,2.73,0.56,1
B0852,31.25,60.84,20.76,5.97,41.4,45.26,1279,86,PID,11.8,5.01,1.02,1
B0853,23.15,60.78,22.94,4.12,45.06,51.12,1115,70,PID,9.43,5.31,1.13,1
B0854,33.47,60.11,20.89,5.79,48.15,48.23,1268,74,Fixed-Time,13.45,8.35,2.77,1
B0855,23.08,63.12,26.07,6.61,46.8,58.95,1403,94,FA-PID-LSSVM,6.3,2.83,0.76,1
B0856,22.86,57.31,27.91,6.67,44.59,42.53,1334,75,Fixed-Time,13.47,7.66,2.12,1
B0857,20.55,63.31,26.08,5.35,45.15,59.47,1311,95,Fixed-Time,14.59,6.35,1.69,1
B0858,27.08,63.13,27.89,5.38,35.29,44.61,1052,71,FA-PID-LSSVM,5.56,2.71,0.72,1
B0859,28.47,66.43,22.76,4.23,54.38,55.46,1067,96,FA-PID-LSSVM,5.78,2.86,0.52,1
B0860,20.99,67.5,19.88,6.01,46.25,46.78,1181,94,FA-PID-LSSVM,6.81,3.29,0.87,1
B0861,31.63,61.61,26.86,6.46,33.93,42.86,1033,85,PID,9.66,4.34,1.19,1
B0862,26.8,59.53,22.33,4.73,52.98,57.16,1283,91,Fixed-Time,11.88,7.51,1.17,1
B0863,27.87,58.89,26.06,5.26,57.97,46.18,1305,74,PID,9.05,5.13,1.28,1
B0864,26.61,57.92,21.25,6.52,58.42,53.18,1385,74,FA-PID-LSSVM,6.71,3.35,0.88,1
B0865,26.01,55.86,18.97,6.63,41.07,51.33,1248,81,PID,12.79,5.83,1.64,1
B0866,28.39,60.14,29.91,4.73,34.07,49.44,1110,72,FA-PID-LSSVM,5.95,3.66,0.83,1
B0867,22.33,59.05,19.87,5.65,45.55,49.92,1093,99,FA-PID-LSSVM,7.35,4.19,0.76,1
B0868,22.73,69.5,29.86,4.58,33.38,54.64,1409,85,Fixed-Time,13.19,7.53,1.11,1
B0869,32.93,63.37,29.73,4.31,58.02,41.76,1178,75,Fixed-Time,14.33,6.7,1.78,0
B0870,34.19,60.21,27.53,6.73,35.51,53.36,1046,84,Fixed-Time,10.34,7.29,2.68,1
B0871,25.6,63.71,25.91,6.46,37.58,57.92,1281,84,PID,11.56,5.24,1.25,1
B0872,24.06,57.09,24.93,6.28,42.2,41.16,1339,98,Fixed-Time,15.86,6.81,2.24,1
B0873,29.66,61.66,28.39,4.15,41.49,42.81,1361,85,FA-PID-LSSVM,7.11,3.23,0.98,1
B0874,26.13,64.39,21.47,6.53,53.84,54.33,1091,89,Fixed-Time,15.49,6.82,1.42,0
B0875,20.38,62.33,23.61,5.31,43.69,48.75,1375,82,PID,9.07,5.59,1.14,1
B0876,22.34,61.03,25.43,5.03,35.12,48.07,1211,81,Fixed-Time,14.57,7.77,1.77,1
B0877,30.74,69.91,22.93,5.64,38.02,42.74,1074,79,Fixed-Time,13.99,6.56,1.24,1
B0878,29.88,68.2,23.13,4.27,45.27,50.14,1377,83,Fixed-Time,15.1,5.71,1.42,0
B0879,20.41,64.35,21.96,6.27,34.42,42.53,1201,71,PID,11.23,6.83,1.47,1
B0880,23.33,63.54,24.77,5.75,48.35,49.53,1444,98,FA-PID-LSSVM,6.91,3.5,0.7,1
B0881,23.47,64.31,28.21,4.56,46.97,55.27,1406,72,FA-PID-LSSVM,6.05,3.22,0.65,1
B0882,30.08,58.02,20.42,4.56,51.44,45.17,1420,78,FA-PID-LSSVM,7.65,2.96,1.07,1
B0883,20.3,60.93,29.21,4.55,58.13,49.62,1296,80,Fixed-Time,15.5,7.02,2.0,1
B0884,21.56,55.59,26.27,4.17,57.37,59.84,1307,80,Fixed-Time,12.89,5.41,2.31,1
B0885,32.0,62.13,27.88,5.76,58.38,53.73,1210,94,PID,11.55,5.49,0.86,1
B0886,22.68,63.15,24.67,6.52,37.34,56.83,1492,91,FA-PID-LSSVM,6.27,3.07,0.66,1
B0887,29.79,58.42,27.35,4.05,33.95,48.3,1337,79,Fixed-Time,13.35,6.73,1.67,1
B0888,23.57,69.46,18.19,4.15,39.07,55.36,1432,95,Fixed-Time,12.48,7.76,2.34,0
B0889,21.49,68.64,27.82,5.72,56.85,40.81,1410,83,Fixed-Time,13.37,8.16,2.25,1
B0890,23.65,65.83,18.48,6.46,59.16,42.46,1133,78,PID,8.11,5.5,1.27,1
B0891,30.83,63.0,28.68,4.98,55.78,44.06,1329,89,FA-PID-LSSVM,6.74,3.48,0.72,1
B0892,32.84,68.05,29.9,5.05,33.3,48.04,1065,96,PID,11.78,4.95,1.17,1
B0893,32.45,56.96,21.53,5.79,58.42,56.91,1279,90,FA-PID-LSSVM,7.74,3.34,0.79,1
B0894,25.96,66.86,20.52,4.82,42.7,46.93,1421,79,FA-PID-LSSVM,6.64,3.46,0.74,1
B0895,30.02,56.87,27.18,4.08,30.28,53.09,1027,91,Fixed-Time,12.93,6.29,1.91,1
B0896,23.07,66.91,21.04,6.21,43.27,54.19,1411,98,Fixed-Time,16.04,5.93,2.13,1
B0897,24.4,59.14,28.39,5.88,31.38,51.72,1116,78,Fixed-Time,10.88,7.28,1.95,1
B0898,33.45,68.16,19.23,5.74,46.32,47.14,1492,98,Fixed-Time,18.05,5.75,1.43,0
B0899,20.2,69.16,19.51,6.23,40.16,51.54,1369,74,Fixed-Time,15.18,7.7,3.46,0
B0900,21.28,57.23,29.75,6.03,44.2,46.85,1486,77,FA-PID-LSSVM,5.79,4.21,0.85,1
B0901,23.12,61.94,26.09,4.62,48.4,41.68,1449,80,Fixed-Time,10.79,7.51,1.42,1
B0902,20.4,69.71,28.16,5.06,56.06,59.86,1316,70,Fixed-Time,16.81,4.62,1.88,1
B0903,22.72,62.25,21.89,4.38,49.86,42.54,1429,90,PID,10.53,5.82,1.44,1
B0904,28.75,67.95,26.12,4.39,43.02,41.45,1324,79,PID,11.16,6.19,1.16,1
B0905,26.32,63.83,25.13,6.03,54.58,57.57,1113,70,FA-PID-LSSVM,6.63,3.33,0.97,1
B0906,33.39,60.63,25.24,6.58,57.17,46.04,1074,95,FA-PID-LSSVM,7.37,3.65,0.96,1
B0907,32.26,59.29,26.19,6.89,33.59,53.01,1201,99,PID,7.42,5.48,1.27,1
B0908,25.13,58.05,24.9,5.89,45.96,46.58,1426,91,PID,13.0,4.1,1.67,1
B0909,23.89,66.43,23.15,4.55,38.54,47.83,1058,76,Fixed-Time,14.15,7.49,2.84,1
B0910,25.7,60.8,21.31,4.32,31.41,45.24,1385,97,Fixed-Time,15.12,6.85,1.24,0
B0911,28.85,62.67,27.22,6.44,50.06,46.86,1014,83,FA-PID-LSSVM,4.66,3.71,0.78,1
B0912,24.02,62.38,20.72,5.74,55.88,48.21,1230,74,PID,10.0,5.41,0.77,1
B0913,29.36,63.66,26.31,5.85,34.89,54.41,1104,86,FA-PID-LSSVM,8.93,3.45,0.77,1
B0914,26.14,67.98,20.8,6.34,54.37,50.23,1164,91,Fixed-Time,12.07,7.02,2.69,1
B0915,28.28,69.71,25.5,6.11,55.6,58.87,1198,95,FA-PID-LSSVM,6.15,3.92,0.78,1
B0916,26.54,61.11,26.96,6.5,57.43,40.84,1403,90,FA-PID-LSSVM,8.05,3.71,0.73,1
B0917,24.42,67.41,20.62,4.17,37.96,50.06,1353,75,FA-PID-LSSVM,8.52,3.25,0.37,1
B0918,34.23,66.47,18.72,6.24,57.12,51.68,1034,85,Fixed-Time,15.76,7.35,2.64,1
B0919,31.45,63.6,19.57,6.55,39.62,58.4,1161,80,FA-PID-LSSVM,8.36,2.82,1.1,1
B0920,22.1,69.34,25.27,4.86,46.57,40.98,1244,79,Fixed-Time,14.76,7.16,2.81,1
B0921,33.03,58.01,28.19,5.92,31.52,51.47,1469,84,PID,11.45,5.61,0.99,1
B0922,27.31,56.64,18.54,4.94,31.32,57.07,1286,76,FA-PID-LSSVM,8.25,3.47,0.76,1
B0923,33.42,67.81,26.81,6.87,51.61,44.84,1382,92,FA-PID-LSSVM,6.87,3.47,0.7,1
B0924,32.0,61.59,22.1,4.1,43.33,57.53,1470,71,Fixed-Time,14.43,6.9,1.91,1
B0925,26.38,67.7,23.74,5.74,37.69,40.38,1018,81,FA-PID-LSSVM,6.89,3.57,0.74,1
B0926,20.34,68.4,29.15,4.5,35.71,54.65,1451,88,Fixed-Time,13.66,5.41,2.18,1
B0927,24.03,55.94,21.98,6.14,50.1,58.66,1279,81,FA-PID-LSSVM,7.25,4.1,0.87,1
B0928,28.12,68.25,23.58,4.53,30.01,53.14,1339,85,PID,11.83,5.2,1.24,1
B0929,29.5,61.72,18.16,4.71,54.18,48.78,1422,75,PID,12.98,5.87,1.48,1
B0930,23.87,62.66,18.98,5.48,32.38,40.9,1347,72,PID,10.1,5.25,1.32,1
B0931,22.09,64.4,21.1,6.74,35.74,58.4,1181,71,FA-PID-LSSVM,6.39,2.32,0.88,1
B0932,32.52,68.9,18.33,4.64,41.59,49.41,1422,89,FA-PID-LSSVM,7.96,3.53,0.68,1
B0933,34.77,55.29,25.58,4.43,44.55,40.58,1400,74,PID,10.0,3.73,1.1,1
B0934,27.89,62.15,23.12,6.28,40.65,53.8,1146,80,PID,8.83,4.73,0.85,1
B0935,22.58,65.32,24.58,5.5,39.62,49.64,1373,95,Fixed-Time,11.44,6.0,2.32,1
B0936,24.08,65.84,20.1,6.74,58.92,42.49,1175,94,Fixed-Time,12.98,6.38,1.33,1
B0937,20.28,65.39,21.55,4.44,49.25,44.29,1162,72,PID,11.99,5.3,1.43,1
B0938,33.71,57.02,25.97,5.94,30.7,41.29,1415,72,PID,10.16,6.45,1.09,1
B0939,21.77,59.49,29.58,4.7,42.91,51.49,1174,91,FA-PID-LSSVM,4.36,3.06,0.9,1
B0940,28.65,60.38,18.61,4.47,56.25,52.44,1493,74,PID,10.74,5.16,0.9,1
B0941,24.11,67.07,28.68,6.05,39.04,50.11,1046,91,Fixed-Time,14.04,6.99,1.99,0
B0942,28.31,59.18,24.92,5.78,32.84,56.34,1255,92,Fixed-Time,15.08,7.69,2.5,1
B0943,29.77,58.16,24.77,6.26,52.75,57.22,1447,80,Fixed-Time,17.96,8.74,2.35,1
B0944,32.45,69.36,24.0,4.93,48.18,52.31,1173,72,Fixed-Time,10.65,6.6,1.91,1
B0945,23.1,55.13,18.83,5.34,47.11,40.26,1102,82,Fixed-Time,14.39,5.61,2.8,1
B0946,20.16,69.97,19.08,5.22,31.61,53.9,1120,90,Fixed-Time,17.01,8.19,1.86,1
B0947,22.05,65.15,25.21,6.95,34.21,48.36,1418,77,PID,10.45,5.44,1.07,1
B0948,33.5,67.43,22.09,4.88,48.68,51.31,1349,89,Fixed-Time,14.29,7.94,2.21,1
B0949,33.11,59.42,29.01,4.88,36.23,52.98,1144,79,Fixed-Time,11.13,9.19,1.41,1
B0950,28.96,55.21,22.88,5.06,45.12,47.0,1041,71,Fixed-Time,14.44,6.89,2.43,1
B0951,29.01,66.07,19.72,5.69,46.35,58.34,1366,73,Fixed-Time,14.84,6.18,2.29,1
B0952,29.98,67.51,26.58,4.76,38.51,42.68,1028,87,PID,10.1,5.86,1.8,1
B0953,22.63,66.11,21.52,6.75,58.45,53.43,1453,88,FA-PID-LSSVM,8.82,3.66,0.83,1
B0954,33.72,57.14,24.31,4.8,55.27,40.09,1379,73,FA-PID-LSSVM,6.47,3.87,0.94,1
B0955,26.28,66.3,26.37,6.69,51.67,58.49,1272,89,FA-PID-LSSVM,6.27,3.86,1.0,1
B0956,25.75,66.53,28.8,4.31,32.34,42.25,1464,95,FA-PID-LSSVM,5.88,3.59,0.79,1
B0957,27.78,64.88,27.51,5.97,33.18,41.9,1013,78,Fixed-Time,13.99,6.05,1.09,1
B0958,20.7,66.49,26.12,6.72,44.78,46.66,1407,85,FA-PID-LSSVM,6.24,3.7,0.66,1
B0959,22.49,67.69,26.16,4.51,34.82,47.47,1440,95,FA-PID-LSSVM,6.63,3.97,0.84,1
B0960,31.07,64.2,29.35,6.9,59.35,44.29,1305,75,PID,7.45,4.52,1.49,1
B0961,21.24,56.33,21.55,5.36,34.76,51.7,1312,94,PID,11.17,6.56,1.7,1
B0962,29.05,62.31,18.01,6.84,44.62,48.86,1484,73,PID,9.99,7.13,1.21,1
B0963,23.68,56.16,21.26,6.03,40.92,40.68,1188,78,Fixed-Time,12.07,6.37,0.87,1
B0964,25.84,61.11,20.61,4.9,49.18,46.39,1359,96,Fixed-Time,17.21,8.21,2.55,0
B0965,24.33,61.11,25.94,4.56,33.87,56.21,1294,82,Fixed-Time,12.08,5.24,1.89,0
B0966,25.34,55.99,25.6,4.91,42.91,53.79,1182,78,PID,10.02,4.89,1.71,1
B0967,30.79,60.23,25.12,4.28,38.24,54.5,1351,75,FA-PID-LSSVM,5.76,3.7,1.15,1
B0968,24.46,56.66,18.19,4.43,56.63,53.96,1035,90,PID,11.66,4.41,0.74,1
B0969,28.5,67.12,26.75,4.31,31.22,46.22,1369,88,Fixed-Time,14.55,7.15,2.62,0
B0970,27.14,69.22,21.88,5.27,57.41,41.99,1036,83,PID,11.32,5.37,0.76,1
B0971,29.96,56.08,25.98,6.39,54.99,45.45,1495,90,FA-PID-LSSVM,7.46,2.95,0.99,1
B0972,34.05,69.33,24.68,4.42,38.93,56.64,1013,84,Fixed-Time,12.66,6.84,2.69,0
B0973,30.99,62.84,22.11,4.39,53.68,59.61,1410,72,FA-PID-LSSVM,6.61,3.55,0.91,1
B0974,23.22,59.49,19.61,5.93,30.94,49.88,1122,74,FA-PID-LSSVM,6.49,3.26,0.94,1
B0975,20.47,56.15,19.13,4.59,59.01,40.19,1082,90,Fixed-Time,11.74,6.25,2.0,1
B0976,23.93,62.51,27.98,4.29,45.8,42.8,1158,87,FA-PID-LSSVM,7.9,4.41,0.57,1
B0977,28.93,66.92,29.02,4.5,39.1,46.44,1493,83,PID,8.14,4.41,1.56,1
B0978,20.77,65.61,25.8,6.77,40.88,51.57,1328,85,FA-PID-LSSVM,8.76,3.11,0.71,1
B0979,27.45,55.75,19.24,6.46,31.99,41.5,1101,83,FA-PID-LSSVM,5.83,2.59,0.94,1
B0980,28.95,56.09,22.82,5.06,59.68,58.87,1336,78,FA-PID-LSSVM,7.22,3.51,0.52,1
B0981,25.01,61.04,26.75,5.97,31.18,47.3,1082,84,PID,12.96,4.87,1.36,1
B0982,31.56,59.43,27.36,5.61,49.65,58.25,1043,76,FA-PID-LSSVM,5.55,3.4,0.86,1
B0983,21.6,58.49,19.42,6.03,43.28,55.61,1067,83,FA-PID-LSSVM,7.33,3.58,0.9,1
B0984,21.13,59.22,18.0,6.05,58.47,55.11,1047,75,PID,8.8,5.4,1.23,1
B0985,30.92,67.05,26.55,5.89,37.38,52.13,1056,90,Fixed-Time,14.46,7.07,1.36,1
B0986,27.43,68.94,22.28,4.8,45.96,52.54,1074,84,Fixed-Time,11.36,7.91,2.42,1
B0987,30.33,61.08,21.05,4.12,44.47,52.76,1021,89,Fixed-Time,14.61,4.87,1.49,0
B0988,26.52,68.59,18.15,5.37,51.09,52.57,1131,77,FA-PID-LSSVM,7.17,3.51,0.92,1
B0989,23.7,59.82,24.48,6.67,32.04,51.07,1464,71,Fixed-Time,10.39,8.0,1.79,1
B0990,32.29,62.15,28.21,5.71,35.81,59.73,1455,77,PID,12.02,4.99,1.5,1
B0991,31.99,58.39,29.49,6.5,36.44,54.65,1301,70,FA-PID-LSSVM,6.96,3.41,0.55,1
B0992,30.42,64.61,24.79,6.97,52.14,55.54,1442,95,FA-PID-LSSVM,7.79,3.17,0.78,1
B0993,24.08,69.68,24.17,4.49,35.67,57.45,1417,86,FA-PID-LSSVM,8.48,3.75,0.47,1
B0994,28.85,64.05,19.02,6.08,47.2,44.31,1266,88,Fixed-Time,10.46,6.94,1.39,1
B0995,25.41,60.37,24.59,6.02,36.46,41.68,1286,74,Fixed-Time,15.29,9.43,2.54,1
B0996,21.37,64.72,22.56,6.94,55.85,49.66,1394,99,Fixed-Time,14.09,7.1,1.87,1
B0997,33.76,56.84,25.29,6.96,58.27,50.28,1119,91,FA-PID-LSSVM,7.94,2.74,0.74,1
B0998,22.05,68.33,22.66,6.06,45.55,56.58,1245,89,PID,8.69,3.11,0.83,1
B0999,34.25,62.55,20.88,4.73,40.57,48.88,1055,85,FA-PID-LSSVM,7.11,3.79,0.74,1
B1000,26.69,61.74,19.14,6.4,37.02,51.42,1037,76,PID,12.56,6.02,1.16,1
B1001,22.78,63.79,21.78,4.32,31.49,50.54,1244,76,FA-PID-LSSVM,6.75,3.69,0.8,1
B1002,28.13,64.37,19.16,6.34,38.06,40.76,1020,87,PID,8.36,5.03,1.4,1
B1003,33.09,56.08,20.12,6.73,49.63,52.3,1109,87,FA-PID-LSSVM,8.31,3.98,0.87,1
B1004,30.98,65.24,29.85,5.15,46.01,56.56,1093,71,FA-PID-LSSVM,8.46,3.71,0.78,1
B1005,32.1,58.63,23.33,5.89,58.32,43.15,1393,84,PID,12.72,5.79,1.59,1
B1006,29.88,65.71,24.38,5.29,41.89,51.89,1409,83,PID,8.72,4.6,0.95,1
B1007,30.38,67.34,28.48,5.31,50.82,51.87,1474,87,PID,10.77,6.62,0.86,1
B1008,32.74,67.06,29.95,4.93,44.68,43.28,1135,98,PID,11.86,4.35,1.84,1
B1009,23.75,63.29,24.99,6.29,45.38,42.47,1230,78,PID,8.11,5.81,1.46,1
B1010,27.34,62.8,27.75,6.81,38.03,59.6,1007,83,PID,11.43,4.59,0.88,1
B1011,23.32,57.14,21.92,6.82,43.65,47.87,1443,74,PID,12.41,6.04,1.51,1
B1012,34.82,66.63,21.67,4.52,44.12,44.55,1327,80,PID,12.23,4.1,0.73,1
B1013,34.16,59.07,22.83,6.62,51.2,43.43,1374,77,FA-PID-LSSVM,6.33,3.26,0.68,1
B1014,20.59,62.45,26.07,6.21,58.22,53.35,1289,74,PID,10.92,6.09,1.11,1
B1015,30.58,59.26,26.19,4.76,39.88,52.19,1250,98,PID,9.28,5.86,1.12,1
B1016,33.88,57.01,21.78,4.2,31.27,52.87,1399,80,FA-PID-LSSVM,7.11,3.33,0.87,1
B1017,22.71,64.44,19.6,4.8,44.89,41.76,1360,74,FA-PID-LSSVM,5.99,3.86,0.79,1
B1018,28.52,55.81,25.59,6.74,46.33,57.87,1396,86,Fixed-Time,12.47,7.53,1.62,1
B1019,33.73,66.23,19.54,5.9,35.05,47.79,1086,91,Fixed-Time,15.63,5.1,1.59,1
B1020,20.51,59.76,24.94,6.16,52.81,46.27,1203,73,PID,8.31,4.65,0.66,1
B1021,30.46,55.0,26.32,4.77,59.55,49.25,1218,84,PID,7.24,5.8,0.61,1
B1022,24.46,62.67,26.41,6.16,58.37,47.8,1405,88,Fixed-Time,11.71,7.28,2.04,1
B1023,33.87,55.7,27.04,4.08,35.91,57.27,1479,91,Fixed-Time,10.78,6.08,1.93,1
B1024,34.57,59.14,28.47,5.13,56.26,58.59,1240,71,PID,9.17,4.97,0.99,1
B1025,34.16,65.6,24.0,5.88,51.13,46.07,1410,93,Fixed-Time,13.31,7.67,2.4,1
B1026,27.11,55.94,26.76,4.44,43.62,57.28,1319,86,PID,12.77,4.76,0.81,1
B1027,32.93,67.59,25.43,6.47,46.22,55.63,1257,81,FA-PID-LSSVM,5.26,4.04,0.73,1
B1028,32.67,55.06,20.24,4.71,55.49,58.62,1108,94,FA-PID-LSSVM,6.75,3.42,1.0,1
B1029,24.79,58.7,18.31,5.96,44.4,44.92,1255,93,Fixed-Time,13.64,9.34,2.07,1
B1030,32.43,66.11,21.41,5.22,41.2,51.54,1480,86,FA-PID-LSSVM,8.06,3.6,0.88,1
B1031,20.56,59.74,23.32,5.79,44.8,45.49,1281,79,FA-PID-LSSVM,7.53,3.73,1.23,1
B1032,28.94,56.53,25.41,4.32,47.37,56.48,1219,97,FA-PID-LSSVM,8.79,3.03,1.2,1
B1033,23.45,60.4,28.2,4.05,35.67,40.11,1082,94,FA-PID-LSSVM,6.3,3.66,0.51,1
B1034,21.81,59.06,20.35,6.73,57.03,51.3,1106,87,PID,12.05,5.02,0.86,1
B1035,21.15,67.64,19.51,4.81,50.23,46.78,1068,88,PID,12.28,6.33,1.64,1
B1036,30.44,59.7,29.56,6.46,49.0,46.45,1096,87,Fixed-Time,10.95,8.57,1.85,1
B1037,25.1,66.83,19.3,7.0,32.98,52.9,1211,82,FA-PID-LSSVM,7.24,4.58,0.62,1
B1038,30.87,68.38,23.74,4.63,48.13,57.03,1285,83,FA-PID-LSSVM,6.98,3.31,0.58,1
B1039,20.98,61.51,25.03,4.8,33.63,52.18,1236,93,FA-PID-LSSVM,6.85,3.71,0.9,1
B1040,24.73,68.65,24.5,5.99,32.36,57.06,1007,85,Fixed-Time,18.34,7.46,2.58,0
B1041,28.09,60.66,19.03,6.9,45.82,45.29,1293,87,PID,11.67,5.87,1.48,1
B1042,31.86,69.46,18.68,6.75,42.08,50.39,1188,95,FA-PID-LSSVM,7.02,3.53,0.98,1
B1043,24.78,56.34,19.27,5.51,47.66,49.01,1080,87,PID,8.94,4.35,1.06,1
B1044,29.39,65.31,25.03,6.39,32.68,40.23,1107,85,Fixed-Time,14.58,8.92,2.02,1
B1045,33.29,62.41,24.53,4.41,42.93,51.14,1320,86,PID,12.03,5.65,1.51,1
B1046,29.24,60.81,20.8,6.93,35.24,53.23,1066,76,FA-PID-LSSVM,6.63,3.25,0.65,1
B1047,23.49,64.49,25.65,6.89,59.61,51.84,1173,81,PID,10.31,4.93,1.56,1
B1048,20.37,65.56,27.84,4.49,46.83,54.73,1345,71,PID,9.79,4.65,1.78,1
B1049,33.05,55.07,18.5,4.9,50.62,51.43,1350,79,Fixed-Time,13.1,7.15,2.23,1
B1050,20.32,57.5,23.98,4.3,39.76,41.34,1327,74,Fixed-Time,11.73,6.51,2.69,1
B1051,33.12,65.7,26.27,4.82,32.84,42.33,1042,90,Fixed-Time,14.2,7.04,2.13,1
B1052,27.93,65.0,21.03,6.45,59.28,51.93,1186,72,Fixed-Time,11.09,4.86,2.16,1
B1053,34.09,69.49,21.69,5.13,38.59,45.5,1301,88,PID,7.72,5.86,1.04,1
B1054,31.98,66.42,25.36,4.27,42.71,41.59,1199,82,PID,9.02,6.2,1.3,1
B1055,34.97,69.26,28.78,5.03,49.5,48.59,1380,81,Fixed-Time,15.74,6.83,3.34,1
B1056,25.26,65.54,27.72,6.94,30.74,51.09,1418,72,Fixed-Time,12.79,7.47,2.82,1
B1057,31.51,59.47,25.0,5.89,54.31,46.57,1038,75,FA-PID-LSSVM,7.31,2.97,0.62,1
B1058,26.03,56.58,26.76,5.25,46.1,54.41,1219,83,FA-PID-LSSVM,6.98,3.67,0.31,1
B1059,27.2,66.73,22.38,4.5,38.35,52.88,1306,73,Fixed-Time,16.11,6.51,1.33,1
B1060,29.41,64.66,25.69,6.96,31.85,46.66,1003,82,PID,11.91,4.51,-0.01,1
B1061,33.11,55.72,23.59,6.46,34.87,55.1,1120,88,Fixed-Time,12.11,6.63,1.97,1
B1062,34.76,60.4,20.28,4.84,56.85,52.97,1335,87,PID,10.09,5.28,1.53,1
B1063,31.52,69.35,26.42,4.21,50.58,52.75,1076,98,PID,10.33,5.26,1.02,1
B1064,26.27,62.51,24.68,4.17,37.5,51.07,1467,72,FA-PID-LSSVM,7.43,3.67,0.98,1
B1065,26.32,61.49,22.3,4.36,31.97,40.23,1178,89,Fixed-Time,12.84,6.54,2.4,1
B1066,31.06,61.87,28.94,5.74,50.72,53.93,1132,75,Fixed-Time,14.5,8.02,1.11,1
B1067,23.58,58.13,18.25,6.79,47.17,47.52,1310,85,PID,8.6,6.66,0.74,1
B1068,21.66,60.53,21.79,5.49,42.14,58.85,1228,89,Fixed-Time,16.3,6.92,1.82,1
B1069,25.32,60.55,18.68,6.53,40.91,56.36,1275,93,FA-PID-LSSVM,6.28,3.61,0.73,1
B1070,24.31,55.79,27.2,5.34,36.5,51.75,1151,72,FA-PID-LSSVM,7.56,3.1,0.6,1
B1071,24.44,66.51,26.43,6.13,50.09,45.04,1163,81,Fixed-Time,16.63,9.27,2.91,1
B1072,23.5,61.25,21.98,6.2,59.12,44.07,1289,88,Fixed-Time,13.86,6.41,2.25,1
B1073,20.63,67.33,26.11,4.52,35.27,46.81,1377,88,FA-PID-LSSVM,8.26,4.06,1.22,1
B1074,20.27,67.76,22.75,5.08,47.91,49.53,1108,93,Fixed-Time,13.54,8.58,2.25,0
B1075,34.82,58.18,27.08,5.91,42.73,45.92,1125,73,PID,9.85,7.08,0.95,1
B1076,26.42,64.86,23.45,4.21,43.4,50.3,1239,70,Fixed-Time,16.36,7.86,1.99,1
B1077,25.76,62.08,22.95,5.08,37.62,43.31,1309,71,PID,10.28,5.45,0.97,1
B1078,30.19,68.2,29.22,5.6,54.75,59.55,1417,82,Fixed-Time,11.98,5.15,1.71,1
B1079,23.27,58.24,21.01,6.99,44.56,42.16,1466,99,Fixed-Time,16.69,7.62,2.39,0
B1080,34.25,65.17,19.45,5.42,46.3,58.64,1400,95,FA-PID-LSSVM,7.59,4.73,1.01,1
B1081,31.8,64.12,25.01,6.45,39.14,58.27,1388,98,PID,11.93,5.53,1.2,1
B1082,21.34,59.43,29.63,5.3,35.45,50.51,1344,82,FA-PID-LSSVM,7.85,4.12,0.83,1
B1083,26.26,57.05,22.53,6.39,32.58,54.5,1145,99,Fixed-Time,16.58,9.88,2.04,1
B1084,33.19,64.77,18.74,5.79,51.42,48.72,1251,71,FA-PID-LSSVM,7.1,3.57,0.5,1
B1085,34.17,66.08,22.07,6.66,35.89,52.6,1182,99,Fixed-Time,12.89,7.52,2.22,0
B1086,27.01,59.73,24.07,5.23,50.7,46.81,1308,88,Fixed-Time,16.44,8.98,1.86,1
B1087,29.2,64.67,19.94,5.81,41.71,46.02,1305,91,Fixed-Time,15.8,6.84,2.52,0
B1088,22.51,60.93,25.9,5.89,42.47,51.56,1071,93,PID,15.64,6.3,1.24,1
B1089,34.87,65.7,29.97,5.25,44.08,49.96,1218,85,PID,10.71,4.13,1.44,1
B1090,23.48,57.99,23.42,4.43,41.03,51.59,1206,81,PID,9.32,6.09,1.26,1
B1091,34.14,68.35,22.26,4.28,33.02,45.73,1172,70,FA-PID-LSSVM,7.29,3.89,0.88,1
B1092,29.74,59.31,22.81,4.05,39.29,47.34,1140,78,Fixed-Time,17.44,8.56,1.39,1
B1093,29.12,60.52,19.38,6.62,49.91,41.68,1271,86,FA-PID-LSSVM,5.27,3.11,0.57,1
B1094,27.69,55.87,28.6,4.71,49.97,41.05,1213,79,FA-PID-LSSVM,4.98,3.5,0.64,1
B1095,23.46,56.67,22.98,4.63,38.59,45.07,1467,87,Fixed-Time,19.25,6.83,2.65,1
B1096,22.65,62.74,22.65,6.21,43.8,41.48,1268,88,FA-PID-LSSVM,5.43,3.55,0.91,1
B1097,23.31,59.01,25.92,4.96,35.8,42.08,1019,76,Fixed-Time,12.0,8.25,2.05,1
B1098,22.8,67.53,23.3,5.52,36.31,56.26,1065,94,Fixed-Time,15.84,7.48,2.27,1
B1099,31.69,55.22,25.78,4.49,30.69,40.78,1482,88,Fixed-Time,13.87,7.48,2.1,1
B1100,25.25,60.69,18.74,6.88,56.9,53.18,1302,93,Fixed-Time,13.03,6.76,2.38,1
B1101,20.87,60.06,27.76,6.55,36.32,45.45,1146,84,FA-PID-LSSVM,7.04,3.14,0.7,1
B1102,34.54,55.29,29.29,6.59,36.83,57.43,1428,78,FA-PID-LSSVM,7.56,2.78,0.83,1
B1103,33.26,56.87,25.79,5.22,38.39,49.7,1164,79,FA-PID-LSSVM,7.03,2.98,0.83,1
B1104,33.92,61.2,29.45,6.29,33.82,46.11,1377,92,PID,9.36,6.9,1.56,1
B1105,34.92,62.39,19.82,4.43,49.18,50.35,1309,89,FA-PID-LSSVM,7.07,3.28,0.9,1
B1106,22.61,61.06,23.73,4.03,32.25,47.64,1005,89,FA-PID-LSSVM,7.77,3.63,0.6,1
B1107,25.94,62.96,25.22,4.06,34.03,51.29,1013,73,PID,10.19,5.31,1.29,1
B1108,31.37,63.93,24.98,5.76,49.34,42.29,1131,75,Fixed-Time,14.63,7.73,2.67,1
B1109,30.44,55.15,22.82,5.37,40.19,59.94,1341,73,Fixed-Time,15.13,8.07,1.46,1
B1110,22.31,61.96,22.06,5.55,51.24,48.51,1242,74,Fixed-Time,11.0,7.03,2.03,1
B1111,32.24,69.45,19.52,4.02,46.72,46.96,1438,78,PID,9.68,5.87,0.64,1
B1112,23.37,62.79,22.7,5.27,37.68,54.2,1230,81,FA-PID-LSSVM,6.47,3.26,0.47,1
B1113,23.36,65.16,19.95,6.15,49.52,47.28,1227,92,FA-PID-LSSVM,8.49,2.82,0.68,1
B1114,28.05,59.68,26.81,5.33,33.49,56.67,1161,77,FA-PID-LSSVM,7.91,3.82,0.58,1
B1115,28.89,66.61,20.51,6.2,46.09,49.09,1282,90,FA-PID-LSSVM,7.68,3.64,1.27,1
B1116,28.7,66.59,18.7,4.7,43.11,54.39,1262,74,PID,11.11,5.14,0.94,1
B1117,21.37,62.82,24.63,6.44,38.04,42.15,1130,98,FA-PID-LSSVM,6.26,3.09,1.07,1
B1118,33.16,69.64,25.14,5.77,48.12,56.92,1430,80,Fixed-Time,14.04,7.57,2.76,1
B1119,23.98,56.88,28.46,4.63,56.14,54.71,1224,92,PID,11.13,5.2,0.72,1
B1120,21.94,55.25,24.92,4.71,59.97,44.23,1257,80,PID,11.09,5.67,0.79,1
B1121,33.33,66.55,22.15,5.88,48.23,42.91,1233,82,Fixed-Time,13.52,7.01,2.26,1
B1122,34.33,67.11,27.64,6.49,42.14,46.33,1335,83,Fixed-Time,15.71,6.81,1.7,1
B1123,32.93,56.8,24.48,5.25,36.76,59.52,1408,97,FA-PID-LSSVM,6.58,3.86,0.76,1
B1124,32.14,58.98,18.95,4.77,37.71,45.14,1315,77,Fixed-Time,11.61,8.37,1.46,1
B1125,29.83,55.26,24.79,6.6,44.38,49.12,1462,94,PID,9.66,5.12,1.24,1
B1126,28.26,59.4,28.9,6.01,41.02,40.6,1023,99,PID,11.04,5.24,1.03,1
B1127,21.3,66.6,22.76,5.34,57.41,47.94,1270,87,PID,7.55,4.82,0.91,1
B1128,26.13,62.77,21.56,5.46,41.05,51.43,1094,88,FA-PID-LSSVM,7.47,3.95,0.99,1
B1129,25.59,60.22,19.72,4.61,41.2,59.06,1141,81,FA-PID-LSSVM,7.76,3.43,0.7,1
B1130,23.9,60.58,19.82,5.88,41.51,50.33,1181,81,Fixed-Time,12.51,5.49,2.5,0
B1131,30.85,55.02,23.19,5.08,55.1,56.38,1205,87,FA-PID-LSSVM,5.4,3.35,0.91,1
B1132,27.44,59.5,25.15,6.99,49.52,50.94,1389,79,FA-PID-LSSVM,6.64,4.38,0.82,1
B1133,21.22,64.7,18.97,5.44,48.43,40.82,1461,76,PID,10.35,4.99,0.79,1
B1134,23.3,69.61,29.27,5.46,40.02,46.3,1080,97,PID,10.36,5.52,1.16,1
B1135,30.25,67.71,27.06,5.7,54.54,51.51,1273,87,Fixed-Time,14.46,6.33,1.38,1
B1136,21.14,55.35,25.04,6.75,31.15,59.01,1275,81,PID,10.34,6.29,1.37,1
B1137,32.77,68.48,27.94,6.4,56.12,57.18,1370,83,FA-PID-LSSVM,7.83,4.11,0.91,1
B1138,27.43,66.75,18.96,5.35,45.38,44.57,1445,84,Fixed-Time,15.86,5.42,2.1,1
B1139,27.21,66.71,23.72,6.16,41.95,44.4,1464,85,Fixed-Time,10.27,6.76,2.31,1
B1140,28.89,61.87,25.56,5.76,44.92,44.02,1207,71,PID,11.94,5.59,0.89,1
B1141,32.37,60.97,27.94,5.48,50.02,58.45,1295,99,PID,11.04,5.08,1.28,1
B1142,25.22,59.54,27.4,4.58,30.38,57.05,1038,99,PID,9.41,4.81,1.55,1
B1143,30.17,55.99,21.32,5.39,56.15,55.5,1435,87,Fixed-Time,11.9,6.02,1.97,1
B1144,28.49,58.42,29.29,4.74,43.4,47.85,1287,81,PID,9.34,5.08,0.97,1
B1145,24.01,58.7,19.49,6.74,40.29,50.09,1123,85,FA-PID-LSSVM,7.38,2.53,1.05,1
B1146,33.18,62.26,28.5,5.01,34.15,49.29,1363,82,Fixed-Time,16.01,7.27,1.84,1
B1147,31.96,66.21,29.65,6.86,43.18,45.07,1456,89,PID,10.31,5.98,0.59,1
B1148,29.88,62.11,20.13,5.6,44.89,50.1,1282,86,FA-PID-LSSVM,5.94,3.58,0.87,1
B1149,32.76,55.87,26.66,5.89,42.11,40.61,1365,87,FA-PID-LSSVM,6.09,3.63,0.68,1
B1150,33.01,69.37,18.48,5.63,50.36,42.64,1179,72,PID,10.08,6.02,1.47,1
B1151,30.63,69.14,22.87,4.39,42.63,57.73,1096,92,FA-PID-LSSVM,6.0,2.97,0.72,1
B1152,32.56,66.78,24.2,5.13,58.84,55.03,1190,79,Fixed-Time,13.95,6.34,2.52,1
B1153,30.46,69.87,24.97,4.3,47.98,48.46,1073,70,Fixed-Time,15.16,8.08,2.09,1
B1154,30.2,63.17,29.23,5.87,54.22,50.34,1446,75,FA-PID-LSSVM,4.96,3.97,0.71,1
B1155,29.28,69.44,26.07,5.34,33.28,47.4,1272,72,Fixed-Time,16.55,6.94,2.03,1
B1156,31.29,56.13,23.78,6.33,41.92,54.82,1496,88,PID,11.01,4.13,1.24,1
B1157,22.38,60.49,27.72,4.66,40.11,55.68,1048,73,FA-PID-LSSVM,6.55,3.62,1.15,1
B1158,33.21,58.38,29.41,4.49,47.08,55.27,1483,98,Fixed-Time,17.63,7.05,2.43,0
B1159,33.08,57.94,18.26,5.22,55.83,54.45,1336,89,PID,9.23,5.36,0.94,1
B1160,20.44,57.11,29.79,6.78,32.35,44.09,1209,92,PID,10.54,5.81,1.18,1
B1161,32.39,64.34,19.03,6.13,32.18,46.76,1115,72,Fixed-Time,13.22,7.2,2.35,1
B1162,21.93,66.72,27.77,5.26,55.51,49.4,1022,77,FA-PID-LSSVM,5.89,4.32,1.24,1
B1163,25.03,63.67,21.36,5.55,36.39,46.62,1097,77,PID,9.89,5.98,1.83,1
B1164,31.15,57.2,19.59,4.25,50.06,55.1,1327,96,PID,11.99,5.79,0.65,1
B1165,22.41,67.17,23.28,6.95,46.29,46.59,1396,98,PID,9.66,4.94,1.62,1
B1166,32.27,64.54,25.73,6.0,54.99,42.76,1406,76,PID,9.4,5.19,1.45,1
B1167,32.48,60.82,22.57,4.86,33.75,47.98,1312,71,FA-PID-LSSVM,6.22,3.64,0.83,1
B1168,27.61,65.11,18.65,5.76,33.89,59.6,1189,90,Fixed-Time,15.75,7.66,2.31,1
B1169,20.1,58.9,25.19,4.33,46.7,44.52,1181,75,Fixed-Time,15.13,7.04,2.13,1
B1170,24.31,60.18,28.83,6.9,58.39,52.24,1147,97,Fixed-Time,12.81,7.77,1.79,1
B1171,29.25,68.76,22.6,4.52,42.45,48.66,1341,85,PID,9.26,5.82,1.13,1
B1172,34.72,59.36,20.6,5.94,39.81,41.42,1494,79,FA-PID-LSSVM,6.92,3.64,0.85,1
B1173,29.48,62.05,23.31,4.74,48.2,49.76,1435,73,Fixed-Time,11.14,8.29,2.06,1
B1174,23.9,68.35,18.58,6.15,57.91,54.04,1022,82,FA-PID-LSSVM,6.8,3.62,0.88,1
B1175,29.51,65.62,27.85,6.33,55.11,50.26,1104,79,Fixed-Time,15.06,7.71,1.46,1
B1176,28.1,55.93,27.92,6.02,59.86,57.44,1162,90,PID,13.38,4.41,1.7,1
B1177,31.7,57.21,25.06,5.84,30.68,45.78,1066,83,Fixed-Time,13.52,6.53,1.13,1
B1178,21.6,55.12,22.24,6.68,33.39,41.72,1289,78,PID,11.01,4.29,1.23,1
B1179,31.42,64.46,27.6,4.24,48.28,58.73,1288,80,PID,10.39,6.32,0.86,1
B1180,28.12,61.72,24.66,4.99,54.62,47.56,1045,92,Fixed-Time,14.47,6.12,1.14,1
B1181,34.44,57.01,27.91,4.74,38.56,51.53,1080,87,FA-PID-LSSVM,6.28,3.85,0.52,1
B1182,25.13,69.37,25.58,6.96,37.18,55.84,1428,80,PID,11.44,6.59,1.37,1
B1183,29.49,62.94,27.41,5.17,53.61,46.49,1146,86,FA-PID-LSSVM,7.64,3.94,1.14,1
B1184,33.98,58.63,25.18,6.2,31.69,54.32,1221,71,Fixed-Time,16.42,7.44,2.45,1
B1185,21.54,62.51,22.97,6.05,41.08,42.71,1342,72,PID,9.55,4.27,1.21,1
B1186,34.06,65.19,29.5,4.64,45.17,45.83,1014,80,FA-PID-LSSVM,5.82,3.54,0.8,1
B1187,30.32,56.14,24.49,4.72,46.81,42.89,1378,87,PID,12.45,5.63,1.49,1
B1188,21.02,59.12,25.26,4.84,51.86,56.22,1120,96,Fixed-Time,13.02,8.53,2.45,1
B1189,24.51,67.1,20.65,5.23,40.65,44.45,1077,72,PID,13.66,5.82,1.44,1
B1190,30.62,61.89,25.51,4.7,48.38,54.35,1321,95,Fixed-Time,14.34,6.48,2.38,1
B1191,21.01,63.2,24.86,4.06,47.56,58.87,1294,84,FA-PID-LSSVM,6.44,4.33,1.02,1
B1192,28.73,61.49,20.22,6.64,46.43,50.56,1240,80,PID,9.34,4.82,1.84,1
B1193,25.19,55.66,18.72,6.9,49.21,50.8,1017,80,FA-PID-LSSVM,5.98,3.14,0.71,1
B1194,29.31,57.49,25.25,5.02,37.78,49.22,1255,97,Fixed-Time,11.28,6.46,1.74,1
B1195,20.69,61.68,27.16,5.02,32.54,46.52,1453,99,Fixed-Time,12.79,4.91,1.85,0
B1196,33.07,58.14,24.28,4.02,33.58,49.51,1442,97,FA-PID-LSSVM,5.91,3.04,0.82,1
B1197,34.6,55.75,20.72,6.04,36.74,52.06,1415,94,FA-PID-LSSVM,7.32,4.2,0.68,1
B1198,34.53,67.65,26.0,6.48,45.01,59.72,1276,89,Fixed-Time,17.24,6.19,1.88,1
B1199,31.24,69.72,18.96,4.44,55.21,58.76,1423,97,FA-PID-LSSVM,4.03,4.17,0.94,1
B1200,21.95,66.9,23.3,4.48,51.04,57.24,1475,94,Fixed-Time,15.04,6.39,2.21,1
B1201,31.37,67.81,19.96,6.37,53.67,57.78,1026,80,FA-PID-LSSVM,7.23,3.25,0.61,1
B1202,20.37,58.63,20.21,5.85,40.53,49.36,1001,88,Fixed-Time,13.38,7.32,2.5,1
B1203,20.33,69.41,20.43,4.13,42.14,53.15,1352,97,Fixed-Time,14.08,6.51,2.08,1
B1204,24.85,57.95,22.64,5.87,41.81,57.9,1463,70,PID,11.6,5.4,0.88,1
B1205,27.33,69.27,18.61,4.93,35.76,47.86,1294,96,Fixed-Time,14.24,8.43,2.08,1
B1206,31.56,69.92,22.77,5.11,31.84,59.24,1469,74,Fixed-Time,12.33,7.91,2.4,1
B1207,30.25,65.68,24.14,6.31,47.73,48.32,1311,79,PID,8.81,5.74,1.62,1
B1208,26.69,69.72,23.8,6.43,59.68,52.02,1362,79,PID,9.78,3.8,1.31,1
B1209,24.1,63.54,22.59,5.2,35.0,54.2,1382,83,FA-PID-LSSVM,7.03,2.73,0.92,1
B1210,34.96,58.89,28.07,6.84,31.4,59.01,1238,71,FA-PID-LSSVM,7.53,2.77,1.18,1
B1211,26.39,61.55,19.74,5.22,53.39,44.89,1012,73,Fixed-Time,15.5,5.11,2.41,1
B1212,26.77,63.9,24.07,6.32,37.58,54.92,1381,71,FA-PID-LSSVM,7.79,3.18,1.08,1
B1213,22.45,56.1,18.74,5.45,54.89,50.42,1183,87,FA-PID-LSSVM,7.44,2.61,0.65,1
B1214,31.92,64.34,18.85,6.69,51.12,45.37,1193,82,Fixed-Time,10.43,8.16,1.99,1
B1215,30.41,69.72,24.89,6.72,58.37,55.53,1461,88,PID,8.54,4.72,1.33,1
B1216,23.31,57.85,24.79,4.26,42.27,51.04,1055,74,PID,6.66,4.85,1.3,1
B1217,21.24,66.89,28.54,6.81,49.86,53.22,1229,89,Fixed-Time,12.88,5.7,1.37,1
B1218,30.21,68.62,24.69,6.48,43.95,46.46,1488,71,Fixed-Time,10.78,7.02,0.98,1
B1219,29.82,69.16,29.52,6.37,48.92,49.63,1027,80,Fixed-Time,15.54,6.06,0.95,1
B1220,24.1,69.4,18.58,4.6,43.49,52.35,1319,99,Fixed-Time,17.7,7.47,1.84,1
B1221,34.26,62.82,19.18,6.42,35.66,48.1,1070,99,Fixed-Time,15.91,7.28,2.19,1
B1222,22.27,69.66,18.53,6.55,45.24,43.97,1209,95,Fixed-Time,16.43,8.56,0.9,0
B1223,26.49,66.36,20.22,4.87,45.86,59.23,1447,87,FA-PID-LSSVM,7.63,2.69,1.08,1
B1224,34.15,57.43,24.5,6.86,54.32,50.23,1183,99,FA-PID-LSSVM,7.48,5.15,1.22,1
B1225,26.3,62.15,25.75,4.15,52.07,54.68,1424,75,FA-PID-LSSVM,6.99,4.39,0.97,1
B1226,29.58,65.77,18.55,4.45,49.91,48.22,1374,92,PID,10.85,4.01,0.77,1
B1227,25.96,58.71,29.35,5.61,33.4,47.1,1355,97,Fixed-Time,14.01,6.5,2.11,1
B1228,24.11,64.61,28.11,5.73,51.62,48.14,1040,79,Fixed-Time,16.74,6.3,2.43,1
B1229,34.76,65.0,21.56,5.94,45.01,48.18,1483,91,FA-PID-LSSVM,5.86,3.69,0.64,1
B1230,26.14,57.44,18.93,4.05,56.82,50.88,1491,92,PID,9.54,6.0,1.4,1
B1231,33.41,63.48,20.04,6.88,57.6,50.87,1259,86,FA-PID-LSSVM,6.63,2.69,0.65,1
B1232,23.45,66.57,19.52,4.13,31.65,49.94,1440,91,Fixed-Time,17.88,7.97,2.71,0
B1233,23.2,62.48,19.48,4.43,54.62,42.7,1413,80,Fixed-Time,15.43,7.91,1.52,1
B1234,20.47,55.18,24.22,4.04,31.13,49.92,1343,88,FA-PID-LSSVM,7.43,2.74,0.65,1
B1235,29.78,55.14,20.95,5.7,41.02,43.38,1083,86,FA-PID-LSSVM,7.67,3.2,0.99,1
B1236,25.53,60.36,22.3,6.8,46.27,42.52,1045,93,Fixed-Time,17.93,7.02,1.99,0
B1237,32.97,68.89,29.87,6.0,34.44,58.65,1439,73,FA-PID-LSSVM,5.82,3.81,0.68,1
B1238,27.1,58.43,26.21,6.47,52.39,52.1,1158,95,Fixed-Time,11.9,7.8,1.71,1
B1239,34.52,64.52,29.39,4.04,30.25,53.19,1343,93,FA-PID-LSSVM,7.53,3.49,0.96,1
B1240,22.78,58.33,19.71,5.63,35.06,48.04,1006,95,PID,9.08,4.66,1.41,1
B1241,33.03,59.83,22.59,5.38,47.42,58.18,1473,83,Fixed-Time,9.61,7.01,2.3,1
B1242,31.65,67.72,24.66,5.5,51.43,52.76,1332,96,PID,12.47,4.72,1.42,1
B1243,31.56,65.93,18.92,4.22,57.5,55.38,1437,89,FA-PID-LSSVM,7.56,3.7,0.86,1
B1244,32.67,56.43,18.05,6.05,51.16,47.37,1135,73,PID,11.06,5.45,1.18,1
B1245,31.42,61.43,26.05,5.51,50.15,59.2,1182,97,FA-PID-LSSVM,8.51,2.84,1.0,1
B1246,29.39,55.44,25.7,6.3,41.83,56.41,1196,83,PID,11.73,5.77,1.54,1
B1247,21.97,62.21,22.93,5.46,30.04,57.08,1171,95,PID,10.36,3.85,1.18,1
B1248,20.49,64.94,23.88,4.45,33.6,43.44,1396,73,PID,9.01,4.7,0.83,1
B1249,33.81,56.78,22.99,5.94,46.04,45.42,1348,75,Fixed-Time,13.05,6.4,0.81,1
B1250,29.25,59.33,18.29,4.52,50.25,45.71,1275,99,PID,11.55,5.76,1.26,1
B1251,31.95,60.97,22.02,6.62,42.52,45.42,1077,78,FA-PID-LSSVM,6.44,3.06,0.79,1
B1252,27.22,68.79,20.12,5.84,51.92,57.11,1415,90,FA-PID-LSSVM,7.23,3.69,0.76,1
B1253,21.76,69.9,19.18,4.47,45.66,40.64,1443,81,Fixed-Time,8.95,6.5,1.41,1
B1254,21.88,55.67,29.48,6.89,32.23,41.52,1177,98,Fixed-Time,18.11,8.9,2.17,1
B1255,30.28,66.42,25.19,5.56,35.76,45.48,1026,95,FA-PID-LSSVM,6.58,3.23,0.4,1
B1256,26.45,60.58,26.74,4.22,55.2,44.0,1119,99,PID,10.71,5.48,1.19,1
B1257,23.01,60.89,21.78,5.88,51.75,44.64,1280,77,FA-PID-LSSVM,7.14,2.9,0.74,1
B1258,27.37,66.31,22.72,4.76,56.84,55.96,1307,93,Fixed-Time,12.7,7.67,2.02,1
B1259,20.96,68.78,20.84,6.41,33.53,51.26,1195,73,Fixed-Time,13.67,6.37,1.79,1
B1260,28.73,69.26,19.16,6.45,59.71,40.12,1276,96,FA-PID-LSSVM,6.46,3.47,0.65,1
B1261,24.03,63.66,20.15,6.94,36.28,48.59,1017,95,PID,8.5,6.65,1.58,1
B1262,31.96,60.36,27.57,5.51,30.35,48.16,1294,94,PID,9.6,5.03,0.59,1
B1263,24.66,66.81,26.13,5.36,59.92,42.28,1270,94,Fixed-Time,10.82,5.87,1.98,1
B1264,26.83,58.77,24.56,6.26,38.43,53.52,1052,74,FA-PID-LSSVM,6.89,3.09,0.89,1
B1265,20.17,63.46,23.7,4.4,50.04,54.04,1293,75,FA-PID-LSSVM,7.91,3.61,0.64,1
B1266,21.09,60.38,29.07,5.64,35.3,54.42,1431,74,Fixed-Time,14.91,6.6,2.37,1
B1267,25.89,64.85,18.87,5.64,47.41,54.57,1051,88,FA-PID-LSSVM,8.18,3.54,0.25,1
B1268,27.2,58.61,21.37,4.27,57.12,40.0,1215,96,Fixed-Time,18.14,6.52,3.22,1
B1269,29.0,57.87,22.2,5.25,39.61,59.08,1071,77,PID,9.3,4.56,1.68,1
B1270,24.37,68.77,27.39,6.56,50.11,56.28,1027,78,PID,11.93,6.71,1.22,1
B1271,30.42,56.53,29.91,6.57,35.64,58.08,1468,84,FA-PID-LSSVM,7.29,3.37,0.74,1
B1272,32.9,62.59,20.89,4.3,48.74,40.31,1399,73,PID,8.94,5.31,0.96,1
B1273,31.7,58.31,28.49,4.27,40.09,58.68,1251,94,PID,11.16,5.38,1.29,1
B1274,20.59,55.58,27.97,4.79,36.34,56.2,1373,78,Fixed-Time,17.35,6.96,2.38,1
B1275,27.21,55.54,20.7,6.62,39.4,56.74,1399,76,Fixed-Time,10.84,8.69,1.81,1
B1276,21.57,57.63,22.79,4.39,35.37,41.87,1034,77,FA-PID-LSSVM,7.41,3.75,0.85,1
B1277,23.63,68.0,22.92,6.16,57.06,54.78,1400,84,Fixed-Time,14.05,8.03,1.4,1
B1278,34.8,59.24,29.74,4.3,41.92,59.2,1200,88,FA-PID-LSSVM,8.63,3.65,0.35,1
B1279,22.14,69.26,20.17,5.87,37.36,53.57,1248,84,FA-PID-LSSVM,7.32,4.23,0.8,1
B1280,27.48,63.72,27.59,5.07,43.45,51.41,1098,74,Fixed-Time,14.38,7.92,2.33,1
B1281,29.27,61.55,22.01,6.37,39.62,58.91,1307,88,PID,10.72,6.1,0.93,1
B1282,30.54,63.7,26.77,4.7,52.33,48.86,1476,76,PID,10.19,6.36,1.0,1
B1283,28.39,62.75,23.04,5.92,59.14,51.99,1486,75,PID,10.27,5.44,0.9,1
B1284,20.15,66.38,24.94,4.71,43.14,49.53,1465,96,PID,9.88,5.33,1.21,1
B1285,24.9,59.24,27.99,6.14,55.83,58.66,1139,88,FA-PID-LSSVM,8.28,4.27,0.63,1
B1286,27.77,60.3,27.65,6.62,46.98,41.52,1082,94,PID,10.67,5.76,1.65,1
B1287,21.32,68.41,28.4,4.38,34.72,50.02,1047,97,FA-PID-LSSVM,7.72,3.65,0.93,1
B1288,25.26,69.2,18.72,6.6,50.72,53.74,1277,86,Fixed-Time,15.35,6.07,2.1,1
B1289,20.5,68.39,26.3,5.78,45.4,55.84,1378,79,Fixed-Time,14.02,8.76,1.59,1
B1290,21.18,61.29,19.68,4.38,49.52,51.66,1247,88,FA-PID-LSSVM,6.73,2.92,0.62,1
B1291,25.95,66.71,22.99,5.28,56.69,58.18,1382,80,PID,11.65,6.73,1.61,1
B1292,21.99,62.15,24.58,4.48,43.21,58.84,1176,84,FA-PID-LSSVM,5.66,3.93,0.67,1
B1293,28.51,62.46,22.83,6.1,57.04,41.29,1051,79,PID,9.63,4.9,1.41,1
B1294,30.34,58.07,24.24,6.28,52.52,48.05,1078,80,PID,11.94,5.18,1.18,1
B1295,32.01,63.87,29.96,4.32,44.66,40.47,1384,92,FA-PID-LSSVM,7.46,3.78,1.04,1
B1296,23.0,57.79,19.62,5.52,48.1,46.59,1321,72,FA-PID-LSSVM,5.72,3.51,0.59,1
B1297,22.51,59.97,26.11,6.44,39.77,50.74,1063,99,PID,10.42,5.08,1.19,1
B1298,21.57,67.83,22.75,6.81,59.51,58.22,1007,72,FA-PID-LSSVM,6.2,2.76,0.38,1
B1299,29.55,58.11,19.6,5.54,50.02,56.93,1213,87,PID,10.3,4.93,1.0,1
B1300,30.6,56.07,19.9,6.85,31.32,42.55,1024,94,FA-PID-LSSVM,8.32,3.07,1.08,1
B1301,20.47,56.04,29.39,5.61,39.8,41.86,1449,80,Fixed-Time,17.25,5.05,2.05,1
B1302,34.04,69.11,28.56,5.18,48.7,51.79,1255,89,PID,9.9,5.24,1.29,1
B1303,20.78,62.6,28.88,6.54,31.69,50.64,1242,95,Fixed-Time,18.3,6.53,3.03,1
B1304,28.12,61.14,29.9,5.48,30.72,45.33,1456,98,FA-PID-LSSVM,7.85,3.49,1.14,1
B1305,30.64,67.16,20.5,5.42,43.5,57.99,1456,91,Fixed-Time,18.3,6.41,1.0,0
B1306,33.06,67.54,22.27,5.47,39.98,58.55,1460,87,FA-PID-LSSVM,4.9,3.48,0.54,1
B1307,30.71,59.98,26.03,6.54,43.15,48.05,1197,94,PID,9.66,5.86,0.56,1
B1308,32.03,65.4,23.81,6.5,37.88,57.81,1093,84,FA-PID-LSSVM,7.31,3.05,1.06,1
B1309,25.09,66.57,23.02,5.21,34.94,47.68,1206,76,FA-PID-LSSVM,7.39,2.74,0.72,1
B1310,32.22,64.82,22.29,5.0,50.67,54.74,1434,79,PID,11.18,5.02,1.24,1
B1311,21.2,57.27,25.13,5.48,45.44,49.52,1436,90,FA-PID-LSSVM,6.98,3.93,0.89,1
B1312,33.42,68.14,24.91,5.72,36.0,42.45,1014,92,PID,10.43,5.26,0.88,1
B1313,28.21,63.09,19.94,4.72,39.59,58.56,1177,99,FA-PID-LSSVM,8.47,4.98,0.73,1
B1314,32.26,59.24,23.66,6.38,47.75,49.08,1454,89,PID,10.57,6.01,1.5,1
B1315,26.78,61.38,24.64,5.46,32.17,54.69,1377,98,Fixed-Time,14.36,6.02,2.91,0
B1316,29.65,55.56,24.84,5.0,34.42,47.34,1074,79,FA-PID-LSSVM,7.68,2.79,0.96,1
B1317,27.9,56.92,20.52,4.32,32.2,40.38,1103,82,FA-PID-LSSVM,8.55,3.52,0.67,1
B1318,30.97,66.48,26.91,4.72,54.37,42.01,1293,84,FA-PID-LSSVM,7.36,3.71,0.82,1
B1319,21.22,55.0,18.3,6.85,52.57,49.92,1167,92,PID,10.77,5.12,1.5,1
B1320,20.91,61.25,22.26,4.92,52.6,53.8,1449,87,FA-PID-LSSVM,7.74,3.01,0.6,1
B1321,23.71,62.84,27.36,4.51,51.49,46.69,1114,92,PID,10.12,5.8,1.24,1
B1322,22.39,55.82,24.77,5.38,50.08,53.91,1495,73,FA-PID-LSSVM,6.36,3.63,0.73,1
B1323,33.08,69.6,21.13,4.92,44.31,53.97,1038,89,Fixed-Time,15.76,7.33,1.84,1
B1324,23.29,58.39,26.34,4.11,49.27,54.08,1457,86,FA-PID-LSSVM,7.23,3.29,1.09,1
B1325,34.64,59.56,24.81,4.97,31.15,49.85,1363,97,Fixed-Time,15.27,7.41,1.09,1
B1326,25.05,59.56,27.55,5.63,48.64,58.3,1272,72,PID,10.97,4.28,0.85,1
B1327,22.73,58.46,26.82,5.66,53.34,49.78,1134,90,Fixed-Time,15.19,5.59,1.85,0
B1328,31.85,55.02,25.32,5.07,45.01,49.01,1373,90,FA-PID-LSSVM,7.62,3.75,0.94,1
B1329,29.88,65.94,23.86,5.34,40.73,43.99,1231,71,FA-PID-LSSVM,7.13,2.93,0.72,1
B1330,27.47,69.5,19.6,6.9,38.32,46.15,1038,73,PID,14.07,4.34,1.31,1
B1331,28.33,58.36,21.14,5.13,49.28,40.85,1451,70,FA-PID-LSSVM,9.12,3.36,1.17,1
B1332,30.79,64.95,23.03,4.77,50.78,52.67,1290,84,FA-PID-LSSVM,6.31,2.51,0.68,1
B1333,23.43,66.13,25.19,4.73,56.13,44.97,1306,94,PID,9.36,4.0,1.07,1
B1334,34.95,67.73,24.16,5.37,40.27,46.08,1046,70,PID,11.99,4.8,1.09,1
B1335,34.62,61.34,21.46,6.28,53.09,55.42,1035,75,Fixed-Time,16.74,6.25,2.31,1
B1336,29.75,59.54,18.08,4.62,46.84,46.54,1319,76,PID,7.94,4.99,0.97,1
B1337,22.99,59.88,23.95,6.13,56.49,44.84,1094,88,FA-PID-LSSVM,7.74,4.24,1.02,1
B1338,30.2,65.69,21.43,4.06,45.83,43.38,1472,81,PID,11.25,6.07,0.69,1
B1339,21.08,67.25,26.82,5.26,45.53,55.5,1360,70,FA-PID-LSSVM,6.48,3.04,1.04,1
B1340,20.46,57.72,18.29,6.33,47.34,42.59,1012,76,Fixed-Time,13.23,7.85,2.27,1
B1341,23.87,60.56,25.02,5.02,52.48,49.08,1145,88,PID,11.7,5.64,1.12,1
B1342,26.94,68.53,29.3,5.69,58.94,50.14,1404,82,FA-PID-LSSVM,7.16,2.57,1.15,1
B1343,33.02,67.1,20.09,4.61,32.21,53.75,1367,95,PID,9.59,5.0,0.8,1
B1344,30.91,69.77,23.66,6.23,31.6,52.67,1064,81,PID,11.51,5.65,1.11,1
B1345,31.14,66.31,19.1,4.16,58.13,56.21,1227,81,PID,7.0,4.72,1.34,1
B1346,26.38,60.9,25.51,6.56,45.9,40.9,1241,91,PID,10.88,5.22,1.07,1
B1347,25.19,63.86,24.61,4.59,48.45,45.93,1007,82,Fixed-Time,10.84,7.96,1.28,1
B1348,25.57,64.92,22.89,6.62,44.47,45.6,1499,97,FA-PID-LSSVM,6.8,3.01,0.62,1
B1349,34.81,56.18,24.26,5.06,32.81,42.92,1303,83,PID,10.33,5.09,0.91,1
B1350,20.6,63.17,28.76,6.17,53.04,45.78,1340,91,FA-PID-LSSVM,7.27,4.63,0.7,1
B1351,33.01,65.64,20.36,4.96,52.42,46.2,1042,99,Fixed-Time,13.13,7.56,1.72,1
B1352,28.68,57.51,18.27,6.72,39.35,50.44,1243,81,FA-PID-LSSVM,7.67,3.01,0.76,1
B1353,26.58,66.71,28.34,4.38,39.19,53.27,1180,89,FA-PID-LSSVM,6.07,3.85,0.71,1
B1354,30.88,63.76,24.93,4.54,55.14,47.62,1084,81,Fixed-Time,11.84,5.79,2.35,0
B1355,27.3,69.28,28.69,5.48,32.17,54.39,1154,96,PID,10.48,5.05,0.75,1
B1356,33.1,55.64,25.16,4.25,56.43,46.72,1274,75,FA-PID-LSSVM,6.6,3.45,0.67,1
B1357,33.51,58.98,27.72,4.59,37.7,45.81,1022,96,FA-PID-LSSVM,7.69,3.96,0.78,1
B1358,26.33,64.02,23.16,6.83,47.79,50.82,1114,79,PID,10.85,3.63,1.07,1
B1359,24.15,59.45,27.0,6.93,58.08,40.47,1305,89,PID,12.01,4.93,0.98,1
B1360,28.89,65.72,28.96,5.13,50.34,41.6,1434,98,FA-PID-LSSVM,9.28,4.41,0.89,1
B1361,33.69,66.39,24.87,6.77,42.43,48.36,1298,93,Fixed-Time,16.28,4.77,1.61,1
B1362,23.16,56.54,20.17,5.63,50.69,58.86,1098,78,PID,9.8,5.35,0.63,1
B1363,29.34,62.71,21.23,4.81,40.32,54.43,1103,71,PID,9.71,5.17,1.49,1
B1364,29.47,62.63,20.38,6.11,38.32,41.76,1371,76,Fixed-Time,12.16,5.51,2.22,1
B1365,31.0,60.54,20.96,5.98,59.9,56.93,1050,78,FA-PID-LSSVM,4.32,3.35,0.98,1
B1366,21.97,68.99,21.68,6.97,52.52,54.65,1361,94,PID,9.58,6.86,1.12,1
B1367,30.74,67.41,24.66,4.8,49.34,52.22,1111,81,FA-PID-LSSVM,7.15,2.82,0.86,1
B1368,33.64,65.46,25.06,6.02,40.66,56.41,1452,74,FA-PID-LSSVM,5.02,3.85,0.94,1
B1369,22.7,65.71,23.12,4.16,31.47,48.08,1243,70,FA-PID-LSSVM,8.36,2.99,0.83,1
B1370,23.56,61.93,25.39,4.34,30.93,44.43,1168,91,Fixed-Time,15.13,7.44,1.57,0
B1371,34.57,68.81,18.98,4.01,46.63,50.24,1071,84,FA-PID-LSSVM,7.05,4.04,0.68,1
B1372,22.71,65.42,19.05,7.0,52.86,50.98,1138,77,FA-PID-LSSVM,6.85,3.9,0.75,1
B1373,32.82,65.93,20.06,6.41,46.12,50.77,1335,70,PID,10.47,4.94,1.15,1
B1374,27.38,67.93,24.22,6.36,55.22,51.3,1230,87,PID,11.51,6.63,0.7,1
B1375,23.71,59.11,20.57,5.53,31.0,58.97,1238,82,Fixed-Time,11.47,6.86,2.02,1
B1376,33.06,67.11,21.4,4.9,41.0,58.04,1471,98,Fixed-Time,13.56,6.82,1.88,1
B1377,26.68,57.93,22.8,4.45,37.11,57.51,1252,70,PID,9.58,5.86,1.23,1
B1378,27.72,60.18,27.74,4.85,43.42,56.03,1468,74,PID,11.51,4.35,1.63,1
B1379,25.39,60.03,18.17,5.13,32.17,58.87,1435,87,Fixed-Time,12.88,7.48,1.94,1
B1380,28.89,69.68,25.79,6.27,58.62,41.97,1406,85,FA-PID-LSSVM,6.46,3.56,1.13,1
B1381,22.45,67.85,26.03,5.62,36.7,45.3,1048,95,Fixed-Time,11.91,7.2,2.22,1
B1382,25.87,65.52,27.58,4.23,57.67,49.9,1421,79,FA-PID-LSSVM,7.52,3.77,0.79,1
B1383,34.54,65.91,29.19,4.05,42.78,56.93,1302,99,PID,10.99,5.89,1.62,1
B1384,23.87,63.43,18.24,4.31,59.57,50.1,1071,73,PID,8.23,3.83,1.6,1
B1385,29.85,69.21,19.85,5.23,46.62,54.96,1262,70,PID,9.3,4.01,0.67,1
B1386,24.88,62.44,28.63,6.8,57.92,42.78,1321,92,FA-PID-LSSVM,8.8,3.94,0.64,1
B1387,31.6,60.71,23.5,5.91,30.16,45.05,1221,77,Fixed-Time,12.49,7.05,2.43,1
B1388,21.96,57.45,24.78,6.41,52.45,54.64,1076,74,FA-PID-LSSVM,6.71,3.72,0.76,1
B1389,34.55,66.79,25.96,5.4,57.09,43.29,1061,71,Fixed-Time,10.09,6.08,2.71,1
B1390,26.81,66.02,26.15,5.08,34.19,47.03,1470,93,Fixed-Time,14.37,5.62,1.03,0
B1391,23.54,60.77,29.18,4.33,32.88,45.3,1156,86,Fixed-Time,14.28,6.56,2.05,1
B1392,21.1,55.38,29.96,6.63,42.74,47.0,1293,76,PID,10.22,5.39,0.78,1
B1393,22.55,67.58,26.64,6.35,58.01,54.17,1124,86,Fixed-Time,13.5,5.7,1.91,0
B1394,27.8,55.17,21.45,4.5,46.27,47.36,1228,97,PID,12.61,4.63,1.38,1
B1395,25.06,65.56,28.56,5.54,45.82,51.11,1339,75,Fixed-Time,13.7,8.71,2.58,1
B1396,32.43,69.55,18.59,5.46,34.23,42.0,1160,98,Fixed-Time,13.69,8.72,2.17,1
B1397,26.46,61.56,20.77,5.88,30.02,56.1,1028,91,PID,11.7,5.94,1.48,1
B1398,23.73,58.52,28.77,6.84,54.3,47.4,1113,84,PID,11.33,4.4,1.71,1
B1399,29.26,65.57,21.07,5.74,32.63,52.97,1078,74,FA-PID-LSSVM,8.8,3.38,0.73,1
B1400,30.6,67.26,20.65,5.62,49.02,54.51,1022,84,Fixed-Time,15.22,7.55,1.9,1
B1401,22.51,63.2,19.66,4.15,57.44,44.19,1105,87,PID,11.28,4.49,0.96,1
B1402,22.51,69.51,28.31,4.19,36.26,57.69,1130,87,FA-PID-LSSVM,7.67,3.54,1.01,1
B1403,20.55,55.78,24.0,4.56,49.96,52.32,1356,94,FA-PID-LSSVM,6.68,3.87,0.79,1
B1404,31.05,62.57,26.1,4.1,32.36,48.57,1476,90,PID,9.42,5.95,0.9,1
B1405,29.96,65.78,20.87,6.23,48.11,43.65,1172,90,Fixed-Time,14.15,7.18,1.94,1
B1406,27.12,67.94,27.1,6.17,34.92,58.85,1263,92,FA-PID-LSSVM,7.99,3.74,0.96,1
B1407,32.66,57.69,27.12,4.41,52.08,55.1,1341,75,Fixed-Time,18.69,7.14,1.48,1
B1408,32.09,67.0,21.75,6.51,39.04,44.16,1372,71,Fixed-Time,15.7,6.95,2.32,1
B1409,28.78,63.29,22.93,4.46,43.9,46.75,1284,96,FA-PID-LSSVM,7.84,4.11,1.0,1
B1410,33.02,60.95,20.52,4.9,47.98,56.19,1001,86,PID,10.69,4.73,1.18,1
B1411,23.09,56.98,29.72,4.75,35.14,53.91,1232,90,Fixed-Time,14.92,7.91,2.17,1
B1412,21.68,67.98,25.75,5.12,52.25,55.32,1368,73,PID,9.93,4.72,1.32,1
B1413,24.05,57.36,29.21,4.76,39.08,48.82,1250,81,FA-PID-LSSVM,7.75,3.66,0.43,1
B1414,20.86,59.65,21.64,5.47,49.87,54.33,1433,88,Fixed-Time,10.83,6.18,1.94,1
B1415,27.97,59.35,27.38,5.22,34.75,47.73,1492,71,PID,12.76,5.63,1.38,1
B1416,34.05,68.07,27.19,6.96,50.64,44.23,1320,95,PID,8.88,5.8,1.28,1
B1417,20.59,65.09,26.3,4.17,33.85,52.65,1107,71,Fixed-Time,10.83,8.42,2.08,1
B1418,21.83,66.95,29.59,4.43,42.76,59.52,1275,83,PID,9.91,6.72,1.1,1
B1419,26.78,58.76,22.72,4.16,37.42,46.21,1179,84,PID,7.24,4.53,1.0,1
B1420,34.01,64.37,19.57,5.88,52.45,49.22,1212,89,FA-PID-LSSVM,5.67,2.98,0.84,1
B1421,24.74,63.58,26.06,4.16,37.86,53.48,1292,71,FA-PID-LSSVM,7.66,2.47,0.69,1
B1422,27.61,67.49,26.75,6.51,56.45,50.83,1071,73,PID,10.56,4.45,1.27,1
B1423,20.62,68.59,24.9,5.54,56.75,56.87,1282,88,PID,10.32,4.91,0.94,1
B1424,22.23,55.18,20.48,5.58,35.89,55.23,1174,78,Fixed-Time,14.55,6.24,1.13,0
B1425,34.8,65.11,24.05,5.68,48.42,41.17,1122,76,FA-PID-LSSVM,6.14,3.51,0.81,1
B1426,34.48,55.78,21.75,4.51,32.63,59.97,1226,99,Fixed-Time,12.76,6.63,1.88,1
B1427,20.07,63.23,23.13,4.59,41.75,55.05,1389,82,PID,10.84,5.57,1.27,1
B1428,34.28,59.31,25.74,4.96,51.4,57.28,1443,96,Fixed-Time,14.41,5.39,2.65,0
B1429,29.59,59.6,26.94,5.78,49.78,53.02,1300,81,PID,13.14,5.06,0.36,1
B1430,33.02,60.29,20.79,4.63,48.74,57.13,1427,72,FA-PID-LSSVM,6.8,3.57,0.28,1
B1431,26.82,64.32,22.86,4.35,38.48,42.25,1082,82,FA-PID-LSSVM,8.33,3.14,0.87,1
B1432,27.73,60.01,21.23,6.91,41.34,46.95,1252,84,PID,10.16,4.28,0.88,1
B1433,27.33,65.99,20.38,4.07,33.09,57.53,1145,83,FA-PID-LSSVM,6.06,4.04,0.77,1
B1434,30.0,61.07,27.4,6.41,51.57,44.03,1119,93,PID,9.72,4.55,1.56,1
B1435,22.09,56.03,28.91,6.36,45.12,41.56,1064,78,Fixed-Time,16.93,8.18,2.25,1
B1436,20.45,66.76,22.44,4.89,51.26,55.76,1280,82,PID,10.93,4.87,0.92,1
B1437,24.62,59.29,27.02,4.41,37.47,56.71,1282,92,Fixed-Time,17.41,6.46,2.34,1
B1438,30.57,61.49,28.76,4.44,39.73,43.25,1390,91,PID,12.16,5.67,1.38,1
B1439,23.03,65.28,28.15,6.09,40.03,57.09,1427,73,FA-PID-LSSVM,6.38,4.43,0.81,1
B1440,30.1,59.99,20.19,5.93,30.77,53.74,1105,90,PID,10.95,4.76,0.92,1
B1441,34.55,55.85,29.48,6.35,40.23,50.4,1412,77,PID,11.22,5.41,0.96,1
B1442,21.41,60.61,22.52,6.81,54.1,56.61,1478,72,PID,8.34,4.3,1.56,1
B1443,30.09,69.17,22.07,6.08,56.92,48.38,1299,71,FA-PID-LSSVM,6.39,3.33,1.09,1
B1444,26.66,64.63,18.75,4.47,45.55,43.88,1106,88,PID,8.82,4.7,0.97,1
B1445,33.02,65.07,23.83,4.73,43.67,45.7,1035,97,FA-PID-LSSVM,8.62,4.5,0.95,1
B1446,22.66,64.48,19.31,6.53,30.92,50.1,1146,92,PID,11.68,4.81,1.78,1
B1447,30.39,57.98,20.98,4.63,56.38,50.63,1261,77,Fixed-Time,14.54,7.85,1.95,1
B1448,32.57,61.28,21.8,4.22,30.39,56.11,1408,86,PID,10.1,5.55,1.72,1
B1449,34.17,66.26,27.71,6.11,58.34,55.83,1158,82,Fixed-Time,12.61,7.92,2.89,1
B1450,30.25,56.52,28.51,5.21,44.68,51.63,1264,76,FA-PID-LSSVM,7.69,3.23,0.83,1
B1451,27.46,59.17,21.63,6.76,40.26,55.62,1467,78,FA-PID-LSSVM,7.3,3.21,1.09,1
B1452,29.27,59.14,28.3,5.95,57.73,43.84,1201,81,PID,8.82,5.45,1.27,1
B1453,33.03,61.48,28.29,4.27,30.73,41.0,1420,98,FA-PID-LSSVM,6.95,2.85,0.97,1
B1454,28.56,69.71,27.18,6.84,47.44,57.47,1154,83,PID,11.62,4.74,1.41,1
B1455,20.46,56.01,19.76,4.78,46.47,41.51,1012,83,FA-PID-LSSVM,7.37,2.86,0.63,1
B1456,33.96,62.78,26.28,5.01,36.58,44.93,1296,84,Fixed-Time,16.28,7.31,1.72,1
B1457,30.34,57.69,29.34,5.21,42.87,53.91,1383,72,FA-PID-LSSVM,6.75,3.38,0.97,1
B1458,30.15,69.56,26.19,4.15,49.57,48.19,1321,84,Fixed-Time,10.64,6.96,1.99,0
B1459,23.24,56.7,21.98,5.49,51.81,57.53,1497,88,PID,11.96,4.3,1.24,1
B1460,29.88,61.05,24.01,4.37,30.02,45.96,1084,93,PID,9.15,5.05,1.1,1
B1461,25.91,66.07,25.75,5.2,58.11,40.24,1480,89,PID,9.86,6.75,1.07,1
B1462,29.77,65.57,24.13,5.05,34.94,46.01,1279,83,Fixed-Time,12.38,6.24,2.52,1
B1463,21.6,61.34,19.44,6.32,37.01,51.56,1244,77,PID,9.76,5.08,1.22,1
B1464,29.87,60.2,21.74,6.41,37.9,47.52,1299,74,PID,11.55,5.72,1.54,1
B1465,34.99,60.96,27.63,4.46,31.13,50.7,1361,99,Fixed-Time,12.23,7.03,1.5,1
B1466,20.72,58.96,28.34,5.1,33.69,57.53,1353,88,FA-PID-LSSVM,7.41,4.13,0.91,1
B1467,34.66,58.08,19.65,5.12,59.59,58.25,1315,73,PID,12.19,6.16,1.08,1
B1468,26.1,62.25,29.43,4.45,39.46,45.32,1008,83,FA-PID-LSSVM,6.06,3.47,0.63,1
B1469,33.06,59.03,21.95,6.4,33.46,49.24,1385,85,FA-PID-LSSVM,7.16,4.07,0.77,1
B1470,31.74,59.31,25.95,6.12,33.21,50.98,1246,89,PID,10.72,5.18,1.44,1
B1471,28.51,64.85,27.02,4.57,51.58,58.98,1311,93,PID,9.5,3.6,1.34,1
B1472,31.08,69.53,27.74,5.1,55.64,59.97,1413,75,Fixed-Time,15.98,7.45,1.68,1
B1473,33.18,64.05,29.35,4.32,37.71,44.71,1277,92,Fixed-Time,13.1,6.57,1.89,1
B1474,26.06,56.15,21.76,5.88,30.63,54.54,1237,94,PID,12.04,6.58,1.21,1
B1475,24.91,56.13,28.3,4.36,36.69,47.56,1202,75,FA-PID-LSSVM,5.16,3.41,0.99,1
B1476,30.01,69.27,19.58,6.96,31.7,40.16,1246,72,Fixed-Time,13.27,5.53,1.92,1
B1477,32.12,59.46,26.46,6.34,33.1,40.19,1234,84,Fixed-Time,13.05,6.38,2.51,1
B1478,31.43,56.38,26.9,5.17,42.95,49.21,1080,98,PID,11.56,4.61,0.88,1
B1479,31.97,63.99,26.13,5.74,36.9,49.77,1355,72,PID,8.73,5.51,1.29,1
B1480,26.53,64.35,21.03,6.73,45.48,40.45,1012,80,PID,9.47,5.25,1.66,1
B1481,32.27,64.73,28.48,5.66,37.6,53.74,1326,72,PID,9.04,3.79,1.34,1
B1482,21.8,59.01,20.03,4.52,58.22,45.88,1015,97,Fixed-Time,13.78,6.29,2.33,1
B1483,28.17,55.23,18.64,5.14,57.18,51.2,1480,79,Fixed-Time,18.44,7.86,2.68,1
B1484,20.09,69.48,26.61,6.53,47.0,46.02,1044,87,Fixed-Time,13.72,8.17,2.01,1
B1485,24.87,58.76,23.71,5.93,40.63,43.34,1320,70,FA-PID-LSSVM,6.09,3.04,0.85,1
B1486,25.5,65.14,28.19,5.95,41.43,48.14,1138,85,Fixed-Time,14.75,6.0,2.18,1
B1487,25.94,65.6,22.6,6.6,42.36,44.65,1325,85,Fixed-Time,12.42,6.72,1.53,1
B1488,30.43,64.15,20.02,6.68,51.83,50.7,1147,96,PID,9.74,4.39,0.83,1
B1489,25.83,59.69,28.04,6.76,43.55,43.98,1354,79,Fixed-Time,14.87,8.0,2.45,1
B1490,26.73,59.07,24.59,4.28,55.7,50.17,1235,70,Fixed-Time,16.79,7.32,2.59,1
B1491,23.56,63.97,20.27,5.63,58.32,43.15,1190,73,Fixed-Time,12.99,7.17,0.87,1
B1492,25.6,67.99,26.64,6.22,40.08,53.42,1100,72,PID,11.46,5.01,1.2,1
B1493,23.41,69.2,24.13,6.27,46.82,55.08,1104,74,Fixed-Time,15.8,7.92,1.88,0
B1494,21.1,56.59,25.25,5.82,32.85,42.21,1473,81,Fixed-Time,10.98,5.36,2.68,1
B1495,29.05,57.32,23.53,4.5,36.01,49.36,1249,94,FA-PID-LSSVM,7.33,4.18,0.81,1
B1496,30.02,69.17,27.94,6.39,42.4,41.42,1395,81,FA-PID-LSSVM,7.21,4.09,0.49,1
B1497,29.29,66.05,27.95,6.16,36.19,51.96,1445,82,FA-PID-LSSVM,7.52,3.49,0.91,1
B1498,26.95,68.24,26.51,4.26,56.3,45.29,1093,93,FA-PID-LSSVM,6.52,3.09,0.83,1
B1499,25.7,58.04,19.26,5.39,34.75,50.55,1219,81,PID,12.97,5.9,1.05,1
B1500,32.95,63.81,28.07,4.52,43.67,50.35,1474,94,FA-PID-LSSVM,5.66,2.66,1.06,1
B1501,27.79,65.52,26.05,5.01,48.17,58.49,1297,85,Fixed-Time,12.09,6.67,2.66,1
B1502,27.19,65.2,26.36,4.05,50.76,50.98,1338,82,FA-PID-LSSVM,5.39,3.31,1.09,1
B1503,20.38,61.12,22.36,5.2,41.49,51.66,1452,74,PID,11.71,4.53,1.07,1
B1504,25.12,55.23,28.55,5.65,56.07,48.03,1441,93,FA-PID-LSSVM,6.13,2.83,0.75,1
B1505,25.7,63.74,26.7,5.86,47.05,58.98,1132,73,FA-PID-LSSVM,5.8,3.41,1.19,1
B1506,25.98,58.8,19.35,5.99,43.19,55.54,1360,90,PID,11.55,4.83,1.01,1
B1507,28.7,61.75,22.89,6.51,32.02,45.71,1154,84,PID,9.9,6.8,0.87,1
B1508,28.0,69.36,28.64,4.65,43.94,56.88,1027,81,PID,10.5,5.6,1.56,1
B1509,29.12,60.99,18.57,4.36,54.62,48.65,1281,88,PID,10.0,4.53,1.29,1
B1510,31.47,67.6,29.54,6.55,48.44,56.57,1474,90,PID,12.47,5.05,0.95,1
B1511,32.19,57.83,26.15,4.47,54.96,56.46,1115,97,PID,10.67,4.03,1.13,1
B1512,30.77,65.09,25.58,6.92,44.82,43.78,1304,88,Fixed-Time,16.36,7.87,1.93,1
B1513,34.33,69.66,21.25,6.53,33.55,54.02,1233,90,FA-PID-LSSVM,5.38,3.72,1.07,1
B1514,20.27,56.53,20.99,5.5,30.41,45.81,1404,80,FA-PID-LSSVM,8.89,3.67,0.9,1
B1515,22.94,55.12,29.3,6.94,39.1,45.95,1000,99,PID,7.3,6.82,1.03,1
B1516,20.11,61.5,21.58,4.29,50.94,45.93,1347,90,PID,9.1,5.06,1.65,1
B1517,29.71,56.39,27.31,4.91,53.71,54.51,1239,75,Fixed-Time,18.42,7.13,2.5,1
B1518,33.47,66.23,22.72,5.91,38.87,44.6,1057,78,Fixed-Time,14.09,7.39,1.6,1
B1519,23.65,68.72,19.67,5.05,44.87,40.02,1334,70,PID,9.57,6.4,1.59,1
B1520,33.91,61.51,18.13,6.79,42.63,54.3,1182,81,Fixed-Time,15.23,8.83,3.12,0
B1521,20.9,58.88,24.53,4.2,42.32,43.42,1336,95,Fixed-Time,16.31,4.74,2.46,1
B1522,34.02,61.52,29.71,5.65,36.94,42.09,1025,83,PID,10.37,4.92,1.54,1
B1523,25.27,65.85,22.43,5.77,34.09,44.75,1467,75,PID,9.39,6.4,0.99,1
B1524,21.52,55.14,22.29,5.96,35.9,47.6,1408,70,PID,8.71,5.09,1.04,1
B1525,27.29,63.84,22.13,4.77,31.66,49.52,1076,91,PID,11.39,5.21,1.39,1
B1526,23.85,64.2,24.25,5.09,35.94,40.89,1416,71,FA-PID-LSSVM,6.71,3.17,0.68,1
B1527,24.27,64.57,23.29,6.53,30.28,59.41,1216,93,FA-PID-LSSVM,9.04,3.61,0.4,1
B1528,24.61,58.63,28.56,4.58,48.82,54.32,1327,80,PID,9.72,5.32,1.75,1
B1529,32.05,65.71,24.07,6.48,39.49,46.46,1324,72,Fixed-Time,16.06,6.08,3.21,1
B1530,28.09,56.37,24.09,5.69,59.19,46.37,1261,79,PID,10.45,4.95,1.79,1
B1531,24.67,57.99,19.66,6.29,35.81,48.97,1022,99,FA-PID-LSSVM,8.12,3.4,0.8,1
B1532,29.16,68.16,29.79,6.14,40.37,52.52,1243,75,Fixed-Time,16.37,4.74,1.92,1
B1533,30.74,66.08,21.0,4.62,40.74,42.93,1157,75,FA-PID-LSSVM,7.21,3.04,0.89,1
B1534,24.09,55.21,18.88,5.71,30.25,43.78,1205,89,PID,10.78,5.72,1.56,1
B1535,26.2,58.73,25.96,6.6,55.18,57.19,1309,90,FA-PID-LSSVM,6.71,3.06,0.97,1
B1536,21.83,58.22,25.14,5.3,30.96,45.13,1086,71,FA-PID-LSSVM,7.8,3.55,1.24,1
B1537,22.72,59.06,22.98,6.9,58.21,47.6,1266,95,FA-PID-LSSVM,6.56,3.05,0.88,1
B1538,30.22,58.71,23.07,5.36,56.76,57.43,1414,95,Fixed-Time,12.65,7.5,1.58,1
B1539,22.72,55.94,27.42,4.43,46.07,53.26,1133,93,FA-PID-LSSVM,5.89,3.44,0.57,1
B1540,27.88,61.88,20.35,5.17,46.31,46.83,1266,79,Fixed-Time,11.67,6.34,2.17,1
B1541,30.64,65.99,27.84,6.86,49.61,53.67,1332,92,PID,9.46,5.68,1.48,1
B1542,21.6,64.1,25.78,4.96,41.61,40.39,1267,95,PID,12.33,4.69,1.38,1
B1543,28.51,65.09,23.03,6.6,49.42,54.71,1449,75,FA-PID-LSSVM,6.53,3.2,1.04,1
B1544,23.85,56.22,23.5,6.64,31.34,49.74,1052,92,Fixed-Time,12.9,7.28,2.08,0
B1545,34.44,69.27,21.08,5.05,31.62,56.26,1098,97,PID,9.11,4.33,0.92,1
B1546,27.25,67.58,27.03,4.25,43.72,59.09,1246,86,Fixed-Time,14.22,5.62,2.56,1
B1547,32.09,67.08,24.15,6.17,46.49,58.52,1035,99,Fixed-Time,13.29,7.36,2.03,1
B1548,28.25,67.34,21.85,4.93,56.63,58.19,1400,83,FA-PID-LSSVM,7.76,3.73,0.54,1
B1549,20.65,68.99,25.15,6.35,33.14,50.24,1027,74,FA-PID-LSSVM,8.39,3.26,0.77,1
B1550,29.5,63.16,29.95,5.33,54.68,47.2,1219,92,Fixed-Time,18.97,6.78,2.37,1
B1551,34.27,58.0,23.22,5.46,36.3,49.3,1405,86,Fixed-Time,17.18,8.39,1.69,1
B1552,29.02,64.25,29.05,6.33,41.82,53.8,1101,71,FA-PID-LSSVM,4.18,3.23,0.86,1
B1553,32.29,66.14,22.14,5.15,39.5,57.68,1262,78,Fixed-Time,14.83,7.23,2.53,1
B1554,33.26,66.07,18.66,5.33,42.0,44.14,1270,81,FA-PID-LSSVM,6.13,3.72,0.44,1
B1555,23.42,62.82,20.45,5.13,34.51,58.36,1223,88,Fixed-Time,13.32,9.3,2.19,1
B1556,23.18,56.03,23.02,5.1,45.11,56.3,1138,91,FA-PID-LSSVM,7.37,3.47,1.08,1
B1557,29.16,60.57,20.64,5.58,54.05,59.58,1279,76,Fixed-Time,16.23,6.6,1.18,1
B1558,26.17,68.81,18.0,6.43,43.25,57.61,1450,78,FA-PID-LSSVM,6.94,3.72,0.64,1
B1559,32.6,63.77,28.98,5.09,44.72,45.6,1285,90,Fixed-Time,11.57,6.17,2.27,1
B1560,33.5,63.07,28.13,5.57,55.46,42.12,1453,85,PID,12.39,5.66,1.63,1
B1561,25.3,59.03,26.91,6.01,51.18,42.24,1249,89,PID,10.3,5.7,0.88,1
B1562,23.55,60.53,20.01,4.81,44.71,45.82,1321,80,Fixed-Time,14.16,9.26,2.41,1
B1563,31.71,68.43,19.44,4.83,37.73,52.28,1316,81,PID,12.24,5.14,1.21,1
B1564,24.12,65.0,18.81,6.8,56.55,56.09,1077,84,Fixed-Time,10.99,8.02,2.31,0
B1565,32.34,66.81,26.69,6.17,47.31,57.99,1296,87,Fixed-Time,15.56,8.46,2.16,0
B1566,26.36,61.82,29.15,5.73,36.63,52.48,1337,88,PID,9.67,3.63,1.05,1
B1567,30.01,64.45,23.17,5.94,38.07,40.11,1306,85,Fixed-Time,17.59,7.44,2.08,1
B1568,21.43,58.73,19.43,4.09,54.09,43.73,1427,84,FA-PID-LSSVM,8.99,4.01,0.74,1
B1569,29.36,65.58,24.15,5.85,31.32,41.99,1350,74,Fixed-Time,11.62,6.16,1.62,1
B1570,26.78,61.41,22.19,5.53,59.76,47.27,1012,80,Fixed-Time,16.63,8.21,1.48,0
B1571,28.8,61.64,22.5,5.64,33.91,50.03,1345,84,PID,8.14,4.39,1.59,1
B1572,22.52,64.74,25.46,5.08,53.88,40.87,1491,98,FA-PID-LSSVM,6.84,3.65,1.16,1
B1573,31.05,69.04,26.62,4.24,41.84,46.97,1395,87,Fixed-Time,13.74,6.82,2.6,1
B1574,32.94,55.96,19.33,4.58,44.77,43.58,1081,82,Fixed-Time,14.02,7.67,2.09,1
B1575,23.25,67.37,18.43,6.85,56.42,52.94,1008,73,Fixed-Time,13.77,7.98,2.21,1
B1576,21.44,59.39,29.93,5.23,42.39,49.29,1496,86,Fixed-Time,13.55,4.93,2.02,1
B1577,20.35,61.66,20.79,5.4,46.12,49.91,1212,73,Fixed-Time,11.86,6.56,1.1,0
B1578,29.63,55.33,18.65,4.16,31.48,48.55,1047,85,Fixed-Time,14.94,6.29,2.34,1
B1579,29.11,59.52,20.28,4.11,30.07,59.12,1048,92,FA-PID-LSSVM,7.61,2.7,0.72,1
B1580,28.2,62.54,18.47,6.15,37.34,44.29,1308,84,FA-PID-LSSVM,5.47,3.88,0.73,1
B1581,23.48,55.84,22.7,5.61,50.42,50.33,1439,83,Fixed-Time,15.09,8.25,2.63,1
B1582,25.86,62.37,27.63,5.53,33.64,54.72,1039,81,Fixed-Time,11.96,8.36,2.23,1
B1583,28.92,68.91,22.09,4.73,33.41,51.14,1362,72,PID,7.83,5.76,0.96,1
B1584,27.45,56.58,23.33,6.23,42.33,58.58,1279,79,FA-PID-LSSVM,7.66,3.82,0.92,1
